{
  "admissionMethod": {
    "precision": 1.0,
    "recall": 1.0,
    "f1": 1.0,
    "tp": 20,
    "fp": 0,
    "fn": 0
  },
  "admissionTime": {
    "precision": 0.9,
    "recall": 1.0,
    "f1": 0.9473684210526316,
    "tp": 18,
    "fp": 2,
    "fn": 0
  },
  "allergyHistory": {
    "precision": 0.9333333333333333,
    "recall": 0.8235294117647058,
    "f1": 0.8749999999999999,
    "tp": 14,
    "fp": 1,
    "fn": 3
  },
  "assessmentTime": {
    "precision": 0.9142857142857143,
    "recall": 0.8,
    "f1": 0.8533333333333333,
    "tp": 96,
    "fp": 9,
    "fn": 24
  },
  "bloodSugar": {
    "precision": 0.9285714285714286,
    "recall": 1.0,
    "f1": 0.962962962962963,
    "tp": 13,
    "fp": 1,
    "fn": 0
  },
  "catheter": {
    "precision": 0.9375,
    "recall": 0.8333333333333334,
    "f1": 0.8823529411764706,
    "tp": 15,
    "fp": 1,
    "fn": 3
  },
  "consciousness": {
    "precision": 0.95,
    "recall": 1.0,
    "f1": 0.9743589743589743,
    "tp": 19,
    "fp": 1,
    "fn": 0
  },
  "defecation": {
    "precision": 0.8333333333333334,
    "recall": 1.0,
    "f1": 0.9090909090909091,
    "tp": 10,
    "fp": 2,
    "fn": 0
  },
  "diagnosis": {
    "precision": 0.9375,
    "recall": 0.9375,
    "f1": 0.9375,
    "tp": 15,
    "fp": 1,
    "fn": 1
  },
  "diastolicPressure": {
    "precision": 0.7931034482758621,
    "recall": 0.8846153846153846,
    "f1": 0.8363636363636363,
    "tp": 23,
    "fp": 6,
    "fn": 3
  },
  "diet": {
    "precision": 0.6666666666666666,
    "recall": 0.75,
    "f1": 0.7058823529411765,
    "tp": 6,
    "fp": 3,
    "fn": 2
  },
  "education": {
    "precision": 0.875,
    "recall": 0.8235294117647058,
    "f1": 0.8484848484848485,
    "tp": 14,
    "fp": 2,
    "fn": 3
  },
  "ethnicity": {
    "precision": 0.75,
    "recall": 1.0,
    "f1": 0.8571428571428571,
    "tp": 9,
    "fp": 3,
    "fn": 0
  },
  "heartRate": {
    "precision": 0.6521739130434783,
    "recall": 1.0,
    "f1": 0.7894736842105263,
    "tp": 15,
    "fp": 8,
    "fn": 0
  },
  "height": {
    "precision": 0.875,
    "recall": 1.0,
    "f1": 0.9333333333333333,
    "tp": 7,
    "fp": 1,
    "fn": 0
  },
  "pulseRate": {
    "precision": 0.7647058823529411,
    "recall": 0.6842105263157895,
    "f1": 0.7222222222222222,
    "tp": 13,
    "fp": 4,
    "fn": 6
  },
  "respiratoryRate": {
    "precision": 0.9333333333333333,
    "recall": 0.7777777777777778,
    "f1": 0.8484848484848485,
    "tp": 14,
    "fp": 1,
    "fn": 4
  },
  "skin": {
    "precision": 0.8421052631578947,
    "recall": 0.9411764705882353,
    "f1": 0.8888888888888888,
    "tp": 16,
    "fp": 3,
    "fn": 1
  },
  "sleep": {
    "precision": 0.7777777777777778,
    "recall": 0.875,
    "f1": 0.823529411764706,
    "tp": 7,
    "fp": 2,
    "fn": 1
  },
  "stoolFrequency": {
    "precision": 0.8,
    "recall": 1.0,
    "f1": 0.888888888888889,
    "tp": 8,
    "fp": 2,
    "fn": 0
  },
  "systolicPressure": {
    "precision": 0.6896551724137931,
    "recall": 0.7692307692307693,
    "f1": 0.7272727272727274,
    "tp": 20,
    "fp": 9,
    "fn": 6
  },
  "temperature": {
    "precision": 0.8333333333333334,
    "recall": 1.0,
    "f1": 0.9090909090909091,
    "tp": 15,
    "fp": 3,
    "fn": 0
  },
  "urination": {
    "precision": 0.8181818181818182,
    "recall": 1.0,
    "f1": 0.9,
    "tp": 9,
    "fp": 2,
    "fn": 0
  },
  "weight": {
    "precision": 0.9230769230769231,
    "recall": 1.0,
    "f1": 0.9600000000000001,
    "tp": 12,
    "fp": 1,
    "fn": 0
  },
  "summary": {
    "total_category_avg_f1": 0.8742094229610354,
    "total_sample_aggregate_f1": 0.8671625929861848,
    "precision": 0.8571428571428571,
    "recall": 0.8774193548387097,
    "tp": 408,
    "fp": 68,
    "fn": 57,
    "field_count": 24,
    "request_count": 120,
    "total_request_time_seconds": 156.1171438805759,
    "avg_request_time_seconds": 1.3009761990047992,
    "vllm_launch_args": "vllm serve /root/autodl-tmp/models/models/cyankiwi/Qwen3.5-9B-AWQ-4bit --port 8000 --max-model-len 8192 --reasoning-parser qwen3 --language-model-only --gpu-memory-utilization 0.65 --enable-prefix-caching",
    "model_name": "/root/autodl-tmp/models/models/cyankiwi/Qwen3.5-9B-AWQ-4bit",
    "experiment_args": "",
    "base_url": "http://127.0.0.1:8000",
    "chat_completions_url": "http://127.0.0.1:8000/v1/chat/completions",
    "metrics_url": "http://127.0.0.1:8000/metrics",
    "batch_size": 10,
    "request_timeout_s": 120,
    "enable_system_prompt_block_padding": false
  }
}