{
  "admissionMethod": {
    "precision": 1.0,
    "recall": 1.0,
    "f1": 1.0,
    "tp": 20,
    "fp": 0,
    "fn": 0
  },
  "admissionTime": {
    "precision": 0.8888888888888888,
    "recall": 0.8888888888888888,
    "f1": 0.8888888888888888,
    "tp": 16,
    "fp": 2,
    "fn": 2
  },
  "allergyHistory": {
    "precision": 1.0,
    "recall": 0.9411764705882353,
    "f1": 0.9696969696969697,
    "tp": 16,
    "fp": 0,
    "fn": 1
  },
  "assessmentTime": {
    "precision": 0.9166666666666666,
    "recall": 0.6416666666666667,
    "f1": 0.7549019607843137,
    "tp": 77,
    "fp": 7,
    "fn": 43
  },
  "bloodSugar": {
    "precision": 1.0,
    "recall": 1.0,
    "f1": 1.0,
    "tp": 13,
    "fp": 0,
    "fn": 0
  },
  "catheter": {
    "precision": 1.0,
    "recall": 0.7222222222222222,
    "f1": 0.8387096774193548,
    "tp": 13,
    "fp": 0,
    "fn": 5
  },
  "consciousness": {
    "precision": 0.95,
    "recall": 1.0,
    "f1": 0.9743589743589743,
    "tp": 19,
    "fp": 1,
    "fn": 0
  },
  "defecation": {
    "precision": 1.0,
    "recall": 0.5,
    "f1": 0.6666666666666666,
    "tp": 5,
    "fp": 0,
    "fn": 5
  },
  "diagnosis": {
    "precision": 0.9375,
    "recall": 0.9375,
    "f1": 0.9375,
    "tp": 15,
    "fp": 1,
    "fn": 1
  },
  "diastolicPressure": {
    "precision": 0.5,
    "recall": 0.5384615384615384,
    "f1": 0.5185185185185186,
    "tp": 14,
    "fp": 14,
    "fn": 12
  },
  "diet": {
    "precision": 0.8571428571428571,
    "recall": 0.75,
    "f1": 0.7999999999999999,
    "tp": 6,
    "fp": 1,
    "fn": 2
  },
  "education": {
    "precision": 0.8333333333333334,
    "recall": 0.8823529411764706,
    "f1": 0.8571428571428571,
    "tp": 15,
    "fp": 3,
    "fn": 2
  },
  "ethnicity": {
    "precision": 0.8888888888888888,
    "recall": 0.8888888888888888,
    "f1": 0.8888888888888888,
    "tp": 8,
    "fp": 1,
    "fn": 1
  },
  "heartRate": {
    "precision": 0.7894736842105263,
    "recall": 1.0,
    "f1": 0.8823529411764706,
    "tp": 15,
    "fp": 4,
    "fn": 0
  },
  "height": {
    "precision": 1.0,
    "recall": 0.7142857142857143,
    "f1": 0.8333333333333333,
    "tp": 5,
    "fp": 0,
    "fn": 2
  },
  "pulseRate": {
    "precision": 0.9,
    "recall": 0.9473684210526315,
    "f1": 0.9230769230769231,
    "tp": 18,
    "fp": 2,
    "fn": 1
  },
  "respiratoryRate": {
    "precision": 1.0,
    "recall": 0.5,
    "f1": 0.6666666666666666,
    "tp": 9,
    "fp": 0,
    "fn": 9
  },
  "skin": {
    "precision": 1.0,
    "recall": 1.0,
    "f1": 1.0,
    "tp": 17,
    "fp": 0,
    "fn": 0
  },
  "sleep": {
    "precision": 0.8888888888888888,
    "recall": 1.0,
    "f1": 0.9411764705882353,
    "tp": 8,
    "fp": 1,
    "fn": 0
  },
  "stoolFrequency": {
    "precision": 0.875,
    "recall": 0.875,
    "f1": 0.875,
    "tp": 7,
    "fp": 1,
    "fn": 1
  },
  "systolicPressure": {
    "precision": 0.39285714285714285,
    "recall": 0.4230769230769231,
    "f1": 0.4074074074074074,
    "tp": 11,
    "fp": 17,
    "fn": 15
  },
  "temperature": {
    "precision": 1.0,
    "recall": 0.9333333333333333,
    "f1": 0.9655172413793104,
    "tp": 14,
    "fp": 0,
    "fn": 1
  },
  "urination": {
    "precision": 0.8571428571428571,
    "recall": 0.6666666666666666,
    "f1": 0.75,
    "tp": 6,
    "fp": 1,
    "fn": 3
  },
  "weight": {
    "precision": 1.0,
    "recall": 1.0,
    "f1": 1.0,
    "tp": 12,
    "fp": 0,
    "fn": 0
  },
  "summary": {
    "total_category_avg_f1": 0.8474918494164076,
    "total_sample_aggregate_f1": 0.8159090909090909,
    "precision": 0.8650602409638555,
    "recall": 0.7720430107526882,
    "tp": 359,
    "fp": 56,
    "fn": 106,
    "field_count": 24,
    "request_count": 120,
    "total_request_time_seconds": 62.96220935508609,
    "avg_request_time_seconds": 0.5246850779590507,
    "vllm_launch_args": "vllm serve /root/autodl-tmp/models/models/google/gemma-4-E4B-it --host 0.0.0.0 --port 8000 --max-model-len 8192 --gpu-memory-utilization 0.5 --enable-prefix-caching --limit-mm-per-prompt {\"image\": 0, \"audio\": 0}",
    "model_name": "/root/autodl-tmp/models/models/google/gemma-4-E4B-it",
    "experiment_args": "",
    "base_url": "http://127.0.0.1:8000",
    "chat_completions_url": "http://127.0.0.1:8000/v1/chat/completions",
    "metrics_url": "http://127.0.0.1:8000/metrics",
    "batch_size": 10,
    "request_timeout_s": 120,
    "enable_system_prompt_block_padding": true,
    "block_size": 16
  }
}