{
  "admissionMethod": {
    "precision": 0.7142857142857143,
    "recall": 0.5,
    "f1": 0.588235294117647,
    "tp": 10,
    "fp": 4,
    "fn": 10
  },
  "admissionTime": {
    "precision": 1.0,
    "recall": 0.7222222222222222,
    "f1": 0.8387096774193548,
    "tp": 13,
    "fp": 0,
    "fn": 5
  },
  "allergyHistory": {
    "precision": 0.9411764705882353,
    "recall": 0.9411764705882353,
    "f1": 0.9411764705882353,
    "tp": 16,
    "fp": 1,
    "fn": 1
  },
  "assessmentTime": {
    "precision": 0.9814814814814815,
    "recall": 0.8833333333333333,
    "f1": 0.9298245614035088,
    "tp": 106,
    "fp": 2,
    "fn": 14
  },
  "bloodSugar": {
    "precision": 1.0,
    "recall": 0.9230769230769231,
    "f1": 0.9600000000000001,
    "tp": 12,
    "fp": 0,
    "fn": 1
  },
  "catheter": {
    "precision": 0.5714285714285714,
    "recall": 0.4444444444444444,
    "f1": 0.5,
    "tp": 8,
    "fp": 6,
    "fn": 10
  },
  "consciousness": {
    "precision": 0.8823529411764706,
    "recall": 0.7894736842105263,
    "f1": 0.8333333333333333,
    "tp": 15,
    "fp": 2,
    "fn": 4
  },
  "defecation": {
    "precision": 1.0,
    "recall": 1.0,
    "f1": 1.0,
    "tp": 10,
    "fp": 0,
    "fn": 0
  },
  "diagnosis": {
    "precision": 0.4166666666666667,
    "recall": 0.3125,
    "f1": 0.35714285714285715,
    "tp": 5,
    "fp": 7,
    "fn": 11
  },
  "diastolicPressure": {
    "precision": 1.0,
    "recall": 0.8846153846153846,
    "f1": 0.9387755102040816,
    "tp": 23,
    "fp": 0,
    "fn": 3
  },
  "diet": {
    "precision": 0.5833333333333334,
    "recall": 0.875,
    "f1": 0.7000000000000001,
    "tp": 7,
    "fp": 5,
    "fn": 1
  },
  "education": {
    "precision": 0.8571428571428571,
    "recall": 0.7058823529411765,
    "f1": 0.7741935483870968,
    "tp": 12,
    "fp": 2,
    "fn": 5
  },
  "ethnicity": {
    "precision": 1.0,
    "recall": 0.6666666666666666,
    "f1": 0.8,
    "tp": 6,
    "fp": 0,
    "fn": 3
  },
  "heartRate": {
    "precision": 1.0,
    "recall": 0.8666666666666667,
    "f1": 0.9285714285714286,
    "tp": 13,
    "fp": 0,
    "fn": 2
  },
  "height": {
    "precision": 1.0,
    "recall": 1.0,
    "f1": 1.0,
    "tp": 7,
    "fp": 0,
    "fn": 0
  },
  "pulseRate": {
    "precision": 1.0,
    "recall": 0.8421052631578947,
    "f1": 0.9142857142857143,
    "tp": 16,
    "fp": 0,
    "fn": 3
  },
  "respiratoryRate": {
    "precision": 1.0,
    "recall": 1.0,
    "f1": 1.0,
    "tp": 18,
    "fp": 0,
    "fn": 0
  },
  "skin": {
    "precision": 0.7857142857142857,
    "recall": 0.6470588235294118,
    "f1": 0.7096774193548386,
    "tp": 11,
    "fp": 3,
    "fn": 6
  },
  "sleep": {
    "precision": 0.7777777777777778,
    "recall": 0.875,
    "f1": 0.823529411764706,
    "tp": 7,
    "fp": 2,
    "fn": 1
  },
  "stoolFrequency": {
    "precision": 1.0,
    "recall": 0.875,
    "f1": 0.9333333333333333,
    "tp": 7,
    "fp": 0,
    "fn": 1
  },
  "systolicPressure": {
    "precision": 0.782608695652174,
    "recall": 0.6923076923076923,
    "f1": 0.7346938775510203,
    "tp": 18,
    "fp": 5,
    "fn": 8
  },
  "temperature": {
    "precision": 1.0,
    "recall": 1.0,
    "f1": 1.0,
    "tp": 15,
    "fp": 0,
    "fn": 0
  },
  "urination": {
    "precision": 1.0,
    "recall": 1.0,
    "f1": 1.0,
    "tp": 9,
    "fp": 0,
    "fn": 0
  },
  "weight": {
    "precision": 1.0,
    "recall": 1.0,
    "f1": 1.0,
    "tp": 12,
    "fp": 0,
    "fn": 0
  },
  "summary": {
    "total_category_avg_f1": 0.8418951015607149,
    "total_sample_aggregate_f1": 0.8545454545454545,
    "avg_request_duration_seconds": 15.43552331396301,
    "precision": 0.9060240963855422,
    "recall": 0.8086021505376344,
    "tp": 376,
    "fp": 39,
    "fn": 89,
    "field_count": 24,
    "request_count": 120,
    "total_request_duration_seconds": 1852.2627976755612,
    "provider": "baichuan",
    "model_name": "Baichuan-M3",
    "base_url": "https://api.baichuan-ai.com/v1/",
    "output_prefix": "baichuan-m3",
    "output_dir": "/home/jiaxinyu/projects/asr_llm_agent/eval_llm/basic_test/f1_test_api/exp_2",
    "execution_mode": "concurrent",
    "concurrency": 20
  }
}