{
  "admissionMethod": {
    "precision": 0.6842105263157895,
    "recall": 0.65,
    "f1": 0.6666666666666667,
    "tp": 13,
    "fp": 6,
    "fn": 7
  },
  "admissionTime": {
    "precision": 0.9411764705882353,
    "recall": 0.8888888888888888,
    "f1": 0.9142857142857143,
    "tp": 16,
    "fp": 1,
    "fn": 2
  },
  "allergyHistory": {
    "precision": 1.0,
    "recall": 1.0,
    "f1": 1.0,
    "tp": 17,
    "fp": 0,
    "fn": 0
  },
  "assessmentTime": {
    "precision": 0.9666666666666667,
    "recall": 0.9666666666666667,
    "f1": 0.9666666666666667,
    "tp": 116,
    "fp": 4,
    "fn": 4
  },
  "bloodSugar": {
    "precision": 1.0,
    "recall": 1.0,
    "f1": 1.0,
    "tp": 13,
    "fp": 0,
    "fn": 0
  },
  "catheter": {
    "precision": 0.5,
    "recall": 0.5,
    "f1": 0.5,
    "tp": 9,
    "fp": 9,
    "fn": 9
  },
  "consciousness": {
    "precision": 0.9047619047619048,
    "recall": 1.0,
    "f1": 0.9500000000000001,
    "tp": 19,
    "fp": 2,
    "fn": 0
  },
  "defecation": {
    "precision": 0.7692307692307693,
    "recall": 1.0,
    "f1": 0.8695652173913044,
    "tp": 10,
    "fp": 3,
    "fn": 0
  },
  "diagnosis": {
    "precision": 0.4666666666666667,
    "recall": 0.4375,
    "f1": 0.45161290322580644,
    "tp": 7,
    "fp": 8,
    "fn": 9
  },
  "diastolicPressure": {
    "precision": 1.0,
    "recall": 1.0,
    "f1": 1.0,
    "tp": 26,
    "fp": 0,
    "fn": 0
  },
  "diet": {
    "precision": 0.5333333333333333,
    "recall": 1.0,
    "f1": 0.6956521739130436,
    "tp": 8,
    "fp": 7,
    "fn": 0
  },
  "education": {
    "precision": 0.8823529411764706,
    "recall": 0.8823529411764706,
    "f1": 0.8823529411764706,
    "tp": 15,
    "fp": 2,
    "fn": 2
  },
  "ethnicity": {
    "precision": 1.0,
    "recall": 1.0,
    "f1": 1.0,
    "tp": 9,
    "fp": 0,
    "fn": 0
  },
  "heartRate": {
    "precision": 1.0,
    "recall": 1.0,
    "f1": 1.0,
    "tp": 15,
    "fp": 0,
    "fn": 0
  },
  "height": {
    "precision": 1.0,
    "recall": 1.0,
    "f1": 1.0,
    "tp": 7,
    "fp": 0,
    "fn": 0
  },
  "pulseRate": {
    "precision": 1.0,
    "recall": 0.8947368421052632,
    "f1": 0.9444444444444444,
    "tp": 17,
    "fp": 0,
    "fn": 2
  },
  "respiratoryRate": {
    "precision": 1.0,
    "recall": 1.0,
    "f1": 1.0,
    "tp": 18,
    "fp": 0,
    "fn": 0
  },
  "skin": {
    "precision": 0.6666666666666666,
    "recall": 0.7058823529411765,
    "f1": 0.6857142857142857,
    "tp": 12,
    "fp": 6,
    "fn": 5
  },
  "sleep": {
    "precision": 0.6666666666666666,
    "recall": 1.0,
    "f1": 0.8,
    "tp": 8,
    "fp": 4,
    "fn": 0
  },
  "stoolFrequency": {
    "precision": 0.8888888888888888,
    "recall": 1.0,
    "f1": 0.9411764705882353,
    "tp": 8,
    "fp": 1,
    "fn": 0
  },
  "systolicPressure": {
    "precision": 0.6296296296296297,
    "recall": 0.6538461538461539,
    "f1": 0.6415094339622641,
    "tp": 17,
    "fp": 10,
    "fn": 9
  },
  "temperature": {
    "precision": 1.0,
    "recall": 1.0,
    "f1": 1.0,
    "tp": 15,
    "fp": 0,
    "fn": 0
  },
  "urination": {
    "precision": 0.75,
    "recall": 1.0,
    "f1": 0.8571428571428571,
    "tp": 9,
    "fp": 3,
    "fn": 0
  },
  "weight": {
    "precision": 1.0,
    "recall": 1.0,
    "f1": 1.0,
    "tp": 12,
    "fp": 0,
    "fn": 0
  },
  "summary": {
    "total_category_avg_f1": 0.8652829072990733,
    "total_sample_aggregate_f1": 0.8785638859556495,
    "avg_request_duration_seconds": 20.66304697803765,
    "precision": 0.8630705394190872,
    "recall": 0.8946236559139785,
    "tp": 416,
    "fp": 66,
    "fn": 49,
    "field_count": 24,
    "request_count": 120,
    "total_request_duration_seconds": 2479.565637364518,
    "provider": "baichuan",
    "model_name": "Baichuan-M3-Plus",
    "base_url": "https://api.baichuan-ai.com/v1/",
    "output_prefix": "baichuan-m3-plus",
    "output_dir": "/home/jiaxinyu/projects/asr_llm_agent/eval_llm/basic_test/f1_test_api/exp_2",
    "execution_mode": "concurrent",
    "concurrency": 20
  }
}