{
  "admissionMethod": {
    "precision": 0.7,
    "recall": 0.7,
    "f1": 0.7,
    "tp": 14,
    "fp": 6,
    "fn": 6
  },
  "admissionTime": {
    "precision": 0.9411764705882353,
    "recall": 0.8888888888888888,
    "f1": 0.9142857142857143,
    "tp": 16,
    "fp": 1,
    "fn": 2
  },
  "allergyHistory": {
    "precision": 1.0,
    "recall": 1.0,
    "f1": 1.0,
    "tp": 17,
    "fp": 0,
    "fn": 0
  },
  "assessmentTime": {
    "precision": 0.9833333333333333,
    "recall": 0.9833333333333333,
    "f1": 0.9833333333333333,
    "tp": 118,
    "fp": 2,
    "fn": 2
  },
  "bloodSugar": {
    "precision": 1.0,
    "recall": 1.0,
    "f1": 1.0,
    "tp": 13,
    "fp": 0,
    "fn": 0
  },
  "catheter": {
    "precision": 0.5882352941176471,
    "recall": 0.5555555555555556,
    "f1": 0.5714285714285715,
    "tp": 10,
    "fp": 7,
    "fn": 8
  },
  "consciousness": {
    "precision": 0.9047619047619048,
    "recall": 1.0,
    "f1": 0.9500000000000001,
    "tp": 19,
    "fp": 2,
    "fn": 0
  },
  "defecation": {
    "precision": 1.0,
    "recall": 1.0,
    "f1": 1.0,
    "tp": 10,
    "fp": 0,
    "fn": 0
  },
  "diagnosis": {
    "precision": 0.29411764705882354,
    "recall": 0.3125,
    "f1": 0.30303030303030304,
    "tp": 5,
    "fp": 12,
    "fn": 11
  },
  "diastolicPressure": {
    "precision": 1.0,
    "recall": 1.0,
    "f1": 1.0,
    "tp": 26,
    "fp": 0,
    "fn": 0
  },
  "diet": {
    "precision": 0.6666666666666666,
    "recall": 1.0,
    "f1": 0.8,
    "tp": 8,
    "fp": 4,
    "fn": 0
  },
  "education": {
    "precision": 0.9411764705882353,
    "recall": 0.9411764705882353,
    "f1": 0.9411764705882353,
    "tp": 16,
    "fp": 1,
    "fn": 1
  },
  "ethnicity": {
    "precision": 1.0,
    "recall": 1.0,
    "f1": 1.0,
    "tp": 9,
    "fp": 0,
    "fn": 0
  },
  "heartRate": {
    "precision": 1.0,
    "recall": 1.0,
    "f1": 1.0,
    "tp": 15,
    "fp": 0,
    "fn": 0
  },
  "height": {
    "precision": 1.0,
    "recall": 1.0,
    "f1": 1.0,
    "tp": 7,
    "fp": 0,
    "fn": 0
  },
  "pulseRate": {
    "precision": 1.0,
    "recall": 1.0,
    "f1": 1.0,
    "tp": 19,
    "fp": 0,
    "fn": 0
  },
  "respiratoryRate": {
    "precision": 1.0,
    "recall": 1.0,
    "f1": 1.0,
    "tp": 18,
    "fp": 0,
    "fn": 0
  },
  "skin": {
    "precision": 0.7647058823529411,
    "recall": 0.7647058823529411,
    "f1": 0.7647058823529412,
    "tp": 13,
    "fp": 4,
    "fn": 4
  },
  "sleep": {
    "precision": 0.8888888888888888,
    "recall": 1.0,
    "f1": 0.9411764705882353,
    "tp": 8,
    "fp": 1,
    "fn": 0
  },
  "stoolFrequency": {
    "precision": 1.0,
    "recall": 1.0,
    "f1": 1.0,
    "tp": 8,
    "fp": 0,
    "fn": 0
  },
  "systolicPressure": {
    "precision": 0.8461538461538461,
    "recall": 0.8461538461538461,
    "f1": 0.8461538461538461,
    "tp": 22,
    "fp": 4,
    "fn": 4
  },
  "temperature": {
    "precision": 1.0,
    "recall": 1.0,
    "f1": 1.0,
    "tp": 15,
    "fp": 0,
    "fn": 0
  },
  "urination": {
    "precision": 1.0,
    "recall": 1.0,
    "f1": 1.0,
    "tp": 9,
    "fp": 0,
    "fn": 0
  },
  "weight": {
    "precision": 1.0,
    "recall": 1.0,
    "f1": 1.0,
    "tp": 12,
    "fp": 0,
    "fn": 0
  },
  "summary": {
    "total_category_avg_f1": 0.9048037746567159,
    "total_sample_aggregate_f1": 0.9123931623931624,
    "avg_request_duration_seconds": 10.23352061350403,
    "precision": 0.9065817409766455,
    "recall": 0.9182795698924732,
    "tp": 427,
    "fp": 44,
    "fn": 38,
    "field_count": 24,
    "request_count": 120,
    "total_request_duration_seconds": 1228.0224736204837,
    "provider": "qwen",
    "model_name": "qwen3.6-flash",
    "base_url": "https://dashscope.aliyuncs.com/compatible-mode/v1/",
    "output_prefix": "qwen3.6-flash",
    "output_dir": "/home/jiaxinyu/projects/asr_llm_agent/eval_llm/basic_test/f1_test_api/exp_2",
    "execution_mode": "concurrent",
    "concurrency": 20
  }
}