{
  "admissionMethod": {
    "precision": 0.875,
    "recall": 0.7,
    "f1": 0.7777777777777777,
    "tp": 14,
    "fp": 2,
    "fn": 6
  },
  "admissionTime": {
    "precision": 1.0,
    "recall": 0.9444444444444444,
    "f1": 0.9714285714285714,
    "tp": 17,
    "fp": 0,
    "fn": 1
  },
  "allergyHistory": {
    "precision": 1.0,
    "recall": 1.0,
    "f1": 1.0,
    "tp": 17,
    "fp": 0,
    "fn": 0
  },
  "assessmentTime": {
    "precision": 0.9916666666666667,
    "recall": 0.9916666666666667,
    "f1": 0.9916666666666667,
    "tp": 119,
    "fp": 1,
    "fn": 1
  },
  "bloodSugar": {
    "precision": 1.0,
    "recall": 1.0,
    "f1": 1.0,
    "tp": 13,
    "fp": 0,
    "fn": 0
  },
  "catheter": {
    "precision": 0.6923076923076923,
    "recall": 0.5,
    "f1": 0.5806451612903226,
    "tp": 9,
    "fp": 4,
    "fn": 9
  },
  "consciousness": {
    "precision": 0.9047619047619048,
    "recall": 1.0,
    "f1": 0.9500000000000001,
    "tp": 19,
    "fp": 2,
    "fn": 0
  },
  "defecation": {
    "precision": 0.9090909090909091,
    "recall": 1.0,
    "f1": 0.9523809523809523,
    "tp": 10,
    "fp": 1,
    "fn": 0
  },
  "diagnosis": {
    "precision": 0.25,
    "recall": 0.25,
    "f1": 0.25,
    "tp": 4,
    "fp": 12,
    "fn": 12
  },
  "diastolicPressure": {
    "precision": 1.0,
    "recall": 1.0,
    "f1": 1.0,
    "tp": 26,
    "fp": 0,
    "fn": 0
  },
  "diet": {
    "precision": 0.6666666666666666,
    "recall": 1.0,
    "f1": 0.8,
    "tp": 8,
    "fp": 4,
    "fn": 0
  },
  "education": {
    "precision": 0.9411764705882353,
    "recall": 0.9411764705882353,
    "f1": 0.9411764705882353,
    "tp": 16,
    "fp": 1,
    "fn": 1
  },
  "ethnicity": {
    "precision": 1.0,
    "recall": 1.0,
    "f1": 1.0,
    "tp": 9,
    "fp": 0,
    "fn": 0
  },
  "heartRate": {
    "precision": 1.0,
    "recall": 1.0,
    "f1": 1.0,
    "tp": 15,
    "fp": 0,
    "fn": 0
  },
  "height": {
    "precision": 1.0,
    "recall": 1.0,
    "f1": 1.0,
    "tp": 7,
    "fp": 0,
    "fn": 0
  },
  "pulseRate": {
    "precision": 1.0,
    "recall": 1.0,
    "f1": 1.0,
    "tp": 19,
    "fp": 0,
    "fn": 0
  },
  "respiratoryRate": {
    "precision": 1.0,
    "recall": 1.0,
    "f1": 1.0,
    "tp": 18,
    "fp": 0,
    "fn": 0
  },
  "skin": {
    "precision": 0.7647058823529411,
    "recall": 0.7647058823529411,
    "f1": 0.7647058823529412,
    "tp": 13,
    "fp": 4,
    "fn": 4
  },
  "sleep": {
    "precision": 0.8888888888888888,
    "recall": 1.0,
    "f1": 0.9411764705882353,
    "tp": 8,
    "fp": 1,
    "fn": 0
  },
  "stoolFrequency": {
    "precision": 1.0,
    "recall": 1.0,
    "f1": 1.0,
    "tp": 8,
    "fp": 0,
    "fn": 0
  },
  "systolicPressure": {
    "precision": 1.0,
    "recall": 1.0,
    "f1": 1.0,
    "tp": 26,
    "fp": 0,
    "fn": 0
  },
  "temperature": {
    "precision": 1.0,
    "recall": 1.0,
    "f1": 1.0,
    "tp": 15,
    "fp": 0,
    "fn": 0
  },
  "urination": {
    "precision": 0.9,
    "recall": 1.0,
    "f1": 0.9473684210526316,
    "tp": 9,
    "fp": 1,
    "fn": 0
  },
  "weight": {
    "precision": 1.0,
    "recall": 1.0,
    "f1": 1.0,
    "tp": 12,
    "fp": 0,
    "fn": 0
  },
  "summary": {
    "total_category_avg_f1": 0.9111802655885972,
    "total_sample_aggregate_f1": 0.9278794402583422,
    "avg_request_duration_seconds": 11.73294163964456,
    "precision": 0.9288793103448276,
    "recall": 0.9268817204301075,
    "tp": 431,
    "fp": 33,
    "fn": 34,
    "field_count": 24,
    "request_count": 120,
    "total_request_duration_seconds": 1407.9529967573471,
    "provider": "qwen",
    "model_name": "qwen3.7-plus",
    "base_url": "https://dashscope.aliyuncs.com/compatible-mode/v1/",
    "output_prefix": "qwen3.7-plus",
    "output_dir": "/home/jiaxinyu/projects/asr_llm_agent/eval_llm/basic_test/f1_test_api/exp_2",
    "execution_mode": "concurrent",
    "concurrency": 20
  }
}