{
  "admissionMethod": {
    "precision": 0.9090909090909091,
    "recall": 1.0,
    "f1": 0.9523809523809523,
    "tp": 20,
    "fp": 2,
    "fn": 0
  },
  "admissionTime": {
    "precision": 1.0,
    "recall": 1.0,
    "f1": 1.0,
    "tp": 18,
    "fp": 0,
    "fn": 0
  },
  "allergyHistory": {
    "precision": 1.0,
    "recall": 1.0,
    "f1": 1.0,
    "tp": 17,
    "fp": 0,
    "fn": 0
  },
  "assessmentTime": {
    "precision": 0.9583333333333334,
    "recall": 0.9583333333333334,
    "f1": 0.9583333333333334,
    "tp": 115,
    "fp": 5,
    "fn": 5
  },
  "bloodSugar": {
    "precision": 1.0,
    "recall": 1.0,
    "f1": 1.0,
    "tp": 13,
    "fp": 0,
    "fn": 0
  },
  "catheter": {
    "precision": 1.0,
    "recall": 1.0,
    "f1": 1.0,
    "tp": 18,
    "fp": 0,
    "fn": 0
  },
  "consciousness": {
    "precision": 0.95,
    "recall": 1.0,
    "f1": 0.9743589743589743,
    "tp": 19,
    "fp": 1,
    "fn": 0
  },
  "defecation": {
    "precision": 0.8333333333333334,
    "recall": 1.0,
    "f1": 0.9090909090909091,
    "tp": 10,
    "fp": 2,
    "fn": 0
  },
  "diagnosis": {
    "precision": 0.8823529411764706,
    "recall": 0.9375,
    "f1": 0.9090909090909091,
    "tp": 15,
    "fp": 2,
    "fn": 1
  },
  "diastolicPressure": {
    "precision": 1.0,
    "recall": 1.0,
    "f1": 1.0,
    "tp": 26,
    "fp": 0,
    "fn": 0
  },
  "diet": {
    "precision": 0.6666666666666666,
    "recall": 1.0,
    "f1": 0.8,
    "tp": 8,
    "fp": 4,
    "fn": 0
  },
  "education": {
    "precision": 0.9411764705882353,
    "recall": 0.9411764705882353,
    "f1": 0.9411764705882353,
    "tp": 16,
    "fp": 1,
    "fn": 1
  },
  "ethnicity": {
    "precision": 1.0,
    "recall": 1.0,
    "f1": 1.0,
    "tp": 9,
    "fp": 0,
    "fn": 0
  },
  "heartRate": {
    "precision": 1.0,
    "recall": 1.0,
    "f1": 1.0,
    "tp": 15,
    "fp": 0,
    "fn": 0
  },
  "height": {
    "precision": 1.0,
    "recall": 1.0,
    "f1": 1.0,
    "tp": 7,
    "fp": 0,
    "fn": 0
  },
  "pulseRate": {
    "precision": 1.0,
    "recall": 0.9473684210526315,
    "f1": 0.972972972972973,
    "tp": 18,
    "fp": 0,
    "fn": 1
  },
  "respiratoryRate": {
    "precision": 1.0,
    "recall": 1.0,
    "f1": 1.0,
    "tp": 18,
    "fp": 0,
    "fn": 0
  },
  "skin": {
    "precision": 0.8823529411764706,
    "recall": 0.8823529411764706,
    "f1": 0.8823529411764706,
    "tp": 15,
    "fp": 2,
    "fn": 2
  },
  "sleep": {
    "precision": 0.8,
    "recall": 1.0,
    "f1": 0.888888888888889,
    "tp": 8,
    "fp": 2,
    "fn": 0
  },
  "stoolFrequency": {
    "precision": 1.0,
    "recall": 1.0,
    "f1": 1.0,
    "tp": 8,
    "fp": 0,
    "fn": 0
  },
  "systolicPressure": {
    "precision": 0.8846153846153846,
    "recall": 0.8846153846153846,
    "f1": 0.8846153846153846,
    "tp": 23,
    "fp": 3,
    "fn": 3
  },
  "temperature": {
    "precision": 1.0,
    "recall": 1.0,
    "f1": 1.0,
    "tp": 15,
    "fp": 0,
    "fn": 0
  },
  "urination": {
    "precision": 0.8181818181818182,
    "recall": 1.0,
    "f1": 0.9,
    "tp": 9,
    "fp": 2,
    "fn": 0
  },
  "weight": {
    "precision": 1.0,
    "recall": 1.0,
    "f1": 1.0,
    "tp": 12,
    "fp": 0,
    "fn": 0
  },
  "summary": {
    "total_category_avg_f1": 0.9572192390207096,
    "total_sample_aggregate_f1": 0.95864262990456,
    "precision": 0.9456066945606695,
    "recall": 0.9720430107526882,
    "tp": 452,
    "fp": 26,
    "fn": 13,
    "field_count": 24,
    "request_count": 120,
    "total_request_time_seconds": 166.52084048464894,
    "avg_request_time_seconds": 1.3876736707054078,
    "vllm_launch_args": "vllm serve /root/autodl-tmp/models/models/hf/Sehyo-Qwen3.5-35B-A3B-NVFP4 --port 8000 --max-model-len 8192 --reasoning-parser qwen3 --language-model-only --gpu-memory-utilization 0.7 --enable-chunked-prefill",
    "model_name": "/root/autodl-tmp/models/models/hf/Sehyo-Qwen3.5-35B-A3B-NVFP4",
    "experiment_args": "",
    "base_url": "http://127.0.0.1:8000",
    "chat_completions_url": "http://127.0.0.1:8000/v1/chat/completions",
    "metrics_url": "http://127.0.0.1:8000/metrics",
    "batch_size": 10,
    "request_timeout_s": 120,
    "enable_system_prompt_block_padding": false
  }
}