{
  "admissionMethod": {
    "precision": 0.9523809523809523,
    "recall": 1.0,
    "f1": 0.975609756097561,
    "tp": 20,
    "fp": 1,
    "fn": 0
  },
  "admissionTime": {
    "precision": 0.85,
    "recall": 0.9444444444444444,
    "f1": 0.8947368421052632,
    "tp": 17,
    "fp": 3,
    "fn": 1
  },
  "allergyHistory": {
    "precision": 0.9411764705882353,
    "recall": 0.9411764705882353,
    "f1": 0.9411764705882353,
    "tp": 16,
    "fp": 1,
    "fn": 1
  },
  "assessmentTime": {
    "precision": 0.9310344827586207,
    "recall": 0.9,
    "f1": 0.9152542372881356,
    "tp": 108,
    "fp": 8,
    "fn": 12
  },
  "bloodSugar": {
    "precision": 0.9285714285714286,
    "recall": 1.0,
    "f1": 0.962962962962963,
    "tp": 13,
    "fp": 1,
    "fn": 0
  },
  "catheter": {
    "precision": 0.9333333333333333,
    "recall": 0.7777777777777778,
    "f1": 0.8484848484848485,
    "tp": 14,
    "fp": 1,
    "fn": 4
  },
  "consciousness": {
    "precision": 0.8636363636363636,
    "recall": 1.0,
    "f1": 0.9268292682926829,
    "tp": 19,
    "fp": 3,
    "fn": 0
  },
  "defecation": {
    "precision": 0.7692307692307693,
    "recall": 1.0,
    "f1": 0.8695652173913044,
    "tp": 10,
    "fp": 3,
    "fn": 0
  },
  "diagnosis": {
    "precision": 0.9375,
    "recall": 0.9375,
    "f1": 0.9375,
    "tp": 15,
    "fp": 1,
    "fn": 1
  },
  "diastolicPressure": {
    "precision": 0.8214285714285714,
    "recall": 0.8846153846153846,
    "f1": 0.8518518518518519,
    "tp": 23,
    "fp": 5,
    "fn": 3
  },
  "diet": {
    "precision": 0.5833333333333334,
    "recall": 0.875,
    "f1": 0.7000000000000001,
    "tp": 7,
    "fp": 5,
    "fn": 1
  },
  "education": {
    "precision": 0.9411764705882353,
    "recall": 0.9411764705882353,
    "f1": 0.9411764705882353,
    "tp": 16,
    "fp": 1,
    "fn": 1
  },
  "ethnicity": {
    "precision": 0.75,
    "recall": 1.0,
    "f1": 0.8571428571428571,
    "tp": 9,
    "fp": 3,
    "fn": 0
  },
  "heartRate": {
    "precision": 0.6818181818181818,
    "recall": 1.0,
    "f1": 0.8108108108108109,
    "tp": 15,
    "fp": 7,
    "fn": 0
  },
  "height": {
    "precision": 0.875,
    "recall": 1.0,
    "f1": 0.9333333333333333,
    "tp": 7,
    "fp": 1,
    "fn": 0
  },
  "pulseRate": {
    "precision": 0.8421052631578947,
    "recall": 0.8421052631578947,
    "f1": 0.8421052631578947,
    "tp": 16,
    "fp": 3,
    "fn": 3
  },
  "respiratoryRate": {
    "precision": 0.9285714285714286,
    "recall": 0.7222222222222222,
    "f1": 0.8125000000000001,
    "tp": 13,
    "fp": 1,
    "fn": 5
  },
  "skin": {
    "precision": 0.8888888888888888,
    "recall": 0.9411764705882353,
    "f1": 0.9142857142857143,
    "tp": 16,
    "fp": 2,
    "fn": 1
  },
  "sleep": {
    "precision": 0.6666666666666666,
    "recall": 1.0,
    "f1": 0.8,
    "tp": 8,
    "fp": 4,
    "fn": 0
  },
  "stoolFrequency": {
    "precision": 0.8,
    "recall": 1.0,
    "f1": 0.888888888888889,
    "tp": 8,
    "fp": 2,
    "fn": 0
  },
  "systolicPressure": {
    "precision": 0.75,
    "recall": 0.8076923076923077,
    "f1": 0.7777777777777779,
    "tp": 21,
    "fp": 7,
    "fn": 5
  },
  "temperature": {
    "precision": 0.9375,
    "recall": 1.0,
    "f1": 0.967741935483871,
    "tp": 15,
    "fp": 1,
    "fn": 0
  },
  "urination": {
    "precision": 0.75,
    "recall": 1.0,
    "f1": 0.8571428571428571,
    "tp": 9,
    "fp": 3,
    "fn": 0
  },
  "weight": {
    "precision": 0.9230769230769231,
    "recall": 1.0,
    "f1": 0.9600000000000001,
    "tp": 12,
    "fp": 1,
    "fn": 0
  },
  "summary": {
    "total_category_avg_f1": 0.8827865568197953,
    "total_sample_aggregate_f1": 0.8895833333333333,
    "precision": 0.8626262626262626,
    "recall": 0.9182795698924732,
    "tp": 427,
    "fp": 68,
    "fn": 38,
    "field_count": 24,
    "request_count": 120,
    "total_request_time_seconds": 223.1451901961118,
    "avg_request_time_seconds": 1.859543251634265
  }
}