{
  "admissionMethod": {
    "precision": 0.6666666666666666,
    "recall": 0.8,
    "f1": 0.7272727272727272,
    "tp": 16,
    "fp": 8,
    "fn": 4
  },
  "admissionTime": {
    "precision": 0.21052631578947367,
    "recall": 0.2222222222222222,
    "f1": 0.21621621621621623,
    "tp": 4,
    "fp": 15,
    "fn": 14
  },
  "allergyHistory": {
    "precision": 0.5517241379310345,
    "recall": 0.9411764705882353,
    "f1": 0.6956521739130435,
    "tp": 16,
    "fp": 13,
    "fn": 1
  },
  "assessmentTime": {
    "precision": 0.6346153846153846,
    "recall": 0.55,
    "f1": 0.5892857142857143,
    "tp": 66,
    "fp": 38,
    "fn": 54
  },
  "bloodSugar": {
    "precision": 1.0,
    "recall": 0.8461538461538461,
    "f1": 0.9166666666666666,
    "tp": 11,
    "fp": 0,
    "fn": 2
  },
  "catheter": {
    "precision": 0.4,
    "recall": 0.6666666666666666,
    "f1": 0.5,
    "tp": 12,
    "fp": 18,
    "fn": 6
  },
  "consciousness": {
    "precision": 0.59375,
    "recall": 1.0,
    "f1": 0.7450980392156863,
    "tp": 19,
    "fp": 13,
    "fn": 0
  },
  "defecation": {
    "precision": 0.5882352941176471,
    "recall": 1.0,
    "f1": 0.7407407407407407,
    "tp": 10,
    "fp": 7,
    "fn": 0
  },
  "diagnosis": {
    "precision": 0.625,
    "recall": 0.9375,
    "f1": 0.75,
    "tp": 15,
    "fp": 9,
    "fn": 1
  },
  "diastolicPressure": {
    "precision": 0.4375,
    "recall": 0.5384615384615384,
    "f1": 0.4827586206896552,
    "tp": 14,
    "fp": 18,
    "fn": 12
  },
  "diet": {
    "precision": 0.2916666666666667,
    "recall": 0.875,
    "f1": 0.43750000000000006,
    "tp": 7,
    "fp": 17,
    "fn": 1
  },
  "education": {
    "precision": 0.6,
    "recall": 0.8823529411764706,
    "f1": 0.7142857142857143,
    "tp": 15,
    "fp": 10,
    "fn": 2
  },
  "ethnicity": {
    "precision": 0.47368421052631576,
    "recall": 1.0,
    "f1": 0.6428571428571429,
    "tp": 9,
    "fp": 10,
    "fn": 0
  },
  "heartRate": {
    "precision": 0.2222222222222222,
    "recall": 0.26666666666666666,
    "f1": 0.2424242424242424,
    "tp": 4,
    "fp": 14,
    "fn": 11
  },
  "height": {
    "precision": 1.0,
    "recall": 0.8571428571428571,
    "f1": 0.923076923076923,
    "tp": 6,
    "fp": 0,
    "fn": 1
  },
  "pulseRate": {
    "precision": 0.24,
    "recall": 0.631578947368421,
    "f1": 0.34782608695652173,
    "tp": 12,
    "fp": 38,
    "fn": 7
  },
  "respiratoryRate": {
    "precision": 0.4444444444444444,
    "recall": 0.2222222222222222,
    "f1": 0.2962962962962963,
    "tp": 4,
    "fp": 5,
    "fn": 14
  },
  "skin": {
    "precision": 0.4,
    "recall": 0.7058823529411765,
    "f1": 0.5106382978723405,
    "tp": 12,
    "fp": 18,
    "fn": 5
  },
  "sleep": {
    "precision": 0.21739130434782608,
    "recall": 0.625,
    "f1": 0.3225806451612903,
    "tp": 5,
    "fp": 18,
    "fn": 3
  },
  "stoolFrequency": {
    "precision": 0.3076923076923077,
    "recall": 1.0,
    "f1": 0.47058823529411764,
    "tp": 8,
    "fp": 18,
    "fn": 0
  },
  "systolicPressure": {
    "precision": 0.41025641025641024,
    "recall": 0.6153846153846154,
    "f1": 0.4923076923076924,
    "tp": 16,
    "fp": 23,
    "fn": 10
  },
  "temperature": {
    "precision": 0.6086956521739131,
    "recall": 0.9333333333333333,
    "f1": 0.7368421052631579,
    "tp": 14,
    "fp": 9,
    "fn": 1
  },
  "urination": {
    "precision": 0.5625,
    "recall": 1.0,
    "f1": 0.72,
    "tp": 9,
    "fp": 7,
    "fn": 0
  },
  "weight": {
    "precision": 0.5,
    "recall": 1.0,
    "f1": 0.6666666666666666,
    "tp": 12,
    "fp": 12,
    "fn": 0
  }
}