{
  "admissionMethod": {
    "precision": 1.0,
    "recall": 1.0,
    "f1": 1.0,
    "tp": 20,
    "fp": 0,
    "fn": 0
  },
  "admissionTime": {
    "precision": 0.9411764705882353,
    "recall": 0.8888888888888888,
    "f1": 0.9142857142857143,
    "tp": 16,
    "fp": 1,
    "fn": 2
  },
  "allergyHistory": {
    "precision": 1.0,
    "recall": 1.0,
    "f1": 1.0,
    "tp": 17,
    "fp": 0,
    "fn": 0
  },
  "assessmentTime": {
    "precision": 0.963302752293578,
    "recall": 0.875,
    "f1": 0.9170305676855894,
    "tp": 105,
    "fp": 4,
    "fn": 15
  },
  "bloodSugar": {
    "precision": 1.0,
    "recall": 1.0,
    "f1": 1.0,
    "tp": 13,
    "fp": 0,
    "fn": 0
  },
  "catheter": {
    "precision": 1.0,
    "recall": 0.9444444444444444,
    "f1": 0.9714285714285714,
    "tp": 17,
    "fp": 0,
    "fn": 1
  },
  "consciousness": {
    "precision": 0.9047619047619048,
    "recall": 1.0,
    "f1": 0.9500000000000001,
    "tp": 19,
    "fp": 2,
    "fn": 0
  },
  "defecation": {
    "precision": 1.0,
    "recall": 1.0,
    "f1": 1.0,
    "tp": 10,
    "fp": 0,
    "fn": 0
  },
  "diagnosis": {
    "precision": 0.875,
    "recall": 0.875,
    "f1": 0.875,
    "tp": 14,
    "fp": 2,
    "fn": 2
  },
  "diastolicPressure": {
    "precision": 0.9615384615384616,
    "recall": 0.9615384615384616,
    "f1": 0.9615384615384616,
    "tp": 25,
    "fp": 1,
    "fn": 1
  },
  "diet": {
    "precision": 0.5714285714285714,
    "recall": 1.0,
    "f1": 0.7272727272727273,
    "tp": 8,
    "fp": 6,
    "fn": 0
  },
  "education": {
    "precision": 0.9411764705882353,
    "recall": 0.9411764705882353,
    "f1": 0.9411764705882353,
    "tp": 16,
    "fp": 1,
    "fn": 1
  },
  "ethnicity": {
    "precision": 1.0,
    "recall": 1.0,
    "f1": 1.0,
    "tp": 9,
    "fp": 0,
    "fn": 0
  },
  "heartRate": {
    "precision": 0.9333333333333333,
    "recall": 0.9333333333333333,
    "f1": 0.9333333333333333,
    "tp": 14,
    "fp": 1,
    "fn": 1
  },
  "height": {
    "precision": 1.0,
    "recall": 1.0,
    "f1": 1.0,
    "tp": 7,
    "fp": 0,
    "fn": 0
  },
  "pulseRate": {
    "precision": 0.95,
    "recall": 1.0,
    "f1": 0.9743589743589743,
    "tp": 19,
    "fp": 1,
    "fn": 0
  },
  "respiratoryRate": {
    "precision": 1.0,
    "recall": 1.0,
    "f1": 1.0,
    "tp": 18,
    "fp": 0,
    "fn": 0
  },
  "skin": {
    "precision": 0.8333333333333334,
    "recall": 0.8823529411764706,
    "f1": 0.8571428571428571,
    "tp": 15,
    "fp": 3,
    "fn": 2
  },
  "sleep": {
    "precision": 0.875,
    "recall": 0.875,
    "f1": 0.875,
    "tp": 7,
    "fp": 1,
    "fn": 1
  },
  "stoolFrequency": {
    "precision": 0.8888888888888888,
    "recall": 1.0,
    "f1": 0.9411764705882353,
    "tp": 8,
    "fp": 1,
    "fn": 0
  },
  "systolicPressure": {
    "precision": 0.7692307692307693,
    "recall": 0.7692307692307693,
    "f1": 0.7692307692307693,
    "tp": 20,
    "fp": 6,
    "fn": 6
  },
  "temperature": {
    "precision": 1.0,
    "recall": 1.0,
    "f1": 1.0,
    "tp": 15,
    "fp": 0,
    "fn": 0
  },
  "urination": {
    "precision": 0.9,
    "recall": 1.0,
    "f1": 0.9473684210526316,
    "tp": 9,
    "fp": 1,
    "fn": 0
  },
  "weight": {
    "precision": 1.0,
    "recall": 1.0,
    "f1": 1.0,
    "tp": 12,
    "fp": 0,
    "fn": 0
  },
  "summary": {
    "total_category_avg_f1": 0.9398059724377542,
    "total_sample_aggregate_f1": 0.9321851453175458,
    "avg_request_duration_seconds": 21.15108814523361,
    "precision": 0.9331896551724138,
    "recall": 0.9311827956989247,
    "tp": 433,
    "fp": 31,
    "fn": 32,
    "field_count": 24,
    "request_count": 120,
    "total_request_duration_seconds": 2538.1305774280336,
    "provider": "baichuan",
    "model_name": "Baichuan-M3-Plus",
    "base_url": "https://api.baichuan-ai.com/v1/",
    "output_prefix": "baichuan-m3-plus",
    "output_dir": "/home/jiaxinyu/projects/asr_llm_agent/eval_llm/basic_test/f1_test_api/exp_1",
    "execution_mode": "concurrent",
    "concurrency": 20
  }
}