{
  "admissionMethod": {
    "precision": 1.0,
    "recall": 0.95,
    "f1": 0.9743589743589743,
    "tp": 19,
    "fp": 0,
    "fn": 1
  },
  "admissionTime": {
    "precision": 0.9444444444444444,
    "recall": 0.9444444444444444,
    "f1": 0.9444444444444444,
    "tp": 17,
    "fp": 1,
    "fn": 1
  },
  "allergyHistory": {
    "precision": 0.8947368421052632,
    "recall": 1.0,
    "f1": 0.9444444444444444,
    "tp": 17,
    "fp": 2,
    "fn": 0
  },
  "assessmentTime": {
    "precision": 0.991304347826087,
    "recall": 0.95,
    "f1": 0.9702127659574469,
    "tp": 114,
    "fp": 1,
    "fn": 6
  },
  "bloodSugar": {
    "precision": 1.0,
    "recall": 1.0,
    "f1": 1.0,
    "tp": 13,
    "fp": 0,
    "fn": 0
  },
  "catheter": {
    "precision": 0.9444444444444444,
    "recall": 0.9444444444444444,
    "f1": 0.9444444444444444,
    "tp": 17,
    "fp": 1,
    "fn": 1
  },
  "consciousness": {
    "precision": 1.0,
    "recall": 1.0,
    "f1": 1.0,
    "tp": 19,
    "fp": 0,
    "fn": 0
  },
  "defecation": {
    "precision": 1.0,
    "recall": 1.0,
    "f1": 1.0,
    "tp": 10,
    "fp": 0,
    "fn": 0
  },
  "diagnosis": {
    "precision": 0.8666666666666667,
    "recall": 0.8125,
    "f1": 0.8387096774193549,
    "tp": 13,
    "fp": 2,
    "fn": 3
  },
  "diastolicPressure": {
    "precision": 1.0,
    "recall": 0.9615384615384616,
    "f1": 0.9803921568627451,
    "tp": 25,
    "fp": 0,
    "fn": 1
  },
  "diet": {
    "precision": 0.6666666666666666,
    "recall": 1.0,
    "f1": 0.8,
    "tp": 8,
    "fp": 4,
    "fn": 0
  },
  "education": {
    "precision": 0.8666666666666667,
    "recall": 0.7647058823529411,
    "f1": 0.8125,
    "tp": 13,
    "fp": 2,
    "fn": 4
  },
  "ethnicity": {
    "precision": 1.0,
    "recall": 1.0,
    "f1": 1.0,
    "tp": 9,
    "fp": 0,
    "fn": 0
  },
  "heartRate": {
    "precision": 1.0,
    "recall": 1.0,
    "f1": 1.0,
    "tp": 15,
    "fp": 0,
    "fn": 0
  },
  "height": {
    "precision": 1.0,
    "recall": 1.0,
    "f1": 1.0,
    "tp": 7,
    "fp": 0,
    "fn": 0
  },
  "pulseRate": {
    "precision": 1.0,
    "recall": 0.8947368421052632,
    "f1": 0.9444444444444444,
    "tp": 17,
    "fp": 0,
    "fn": 2
  },
  "respiratoryRate": {
    "precision": 1.0,
    "recall": 1.0,
    "f1": 1.0,
    "tp": 18,
    "fp": 0,
    "fn": 0
  },
  "skin": {
    "precision": 1.0,
    "recall": 0.9411764705882353,
    "f1": 0.9696969696969697,
    "tp": 16,
    "fp": 0,
    "fn": 1
  },
  "sleep": {
    "precision": 0.875,
    "recall": 0.875,
    "f1": 0.875,
    "tp": 7,
    "fp": 1,
    "fn": 1
  },
  "stoolFrequency": {
    "precision": 1.0,
    "recall": 1.0,
    "f1": 1.0,
    "tp": 8,
    "fp": 0,
    "fn": 0
  },
  "systolicPressure": {
    "precision": 0.88,
    "recall": 0.8461538461538461,
    "f1": 0.8627450980392156,
    "tp": 22,
    "fp": 3,
    "fn": 4
  },
  "temperature": {
    "precision": 1.0,
    "recall": 1.0,
    "f1": 1.0,
    "tp": 15,
    "fp": 0,
    "fn": 0
  },
  "urination": {
    "precision": 1.0,
    "recall": 1.0,
    "f1": 1.0,
    "tp": 9,
    "fp": 0,
    "fn": 0
  },
  "weight": {
    "precision": 1.0,
    "recall": 1.0,
    "f1": 1.0,
    "tp": 12,
    "fp": 0,
    "fn": 0
  },
  "summary": {
    "total_category_avg_f1": 0.9525580591713535,
    "total_sample_aggregate_f1": 0.9544468546637744,
    "avg_request_duration_seconds": 14.87235185643658,
    "precision": 0.962800875273523,
    "recall": 0.946236559139785,
    "tp": 440,
    "fp": 17,
    "fn": 25,
    "field_count": 24,
    "request_count": 120,
    "total_request_duration_seconds": 1784.6822227723897,
    "provider": "baichuan",
    "model_name": "Baichuan-M3",
    "base_url": "https://api.baichuan-ai.com/v1/",
    "output_prefix": "baichuan-m3",
    "output_dir": "/home/jiaxinyu/projects/asr_llm_agent/eval_llm/basic_test/f1_test_api/exp_1",
    "execution_mode": "concurrent",
    "concurrency": 20
  }
}