{
  "admissionMethod": {
    "precision": 1.0,
    "recall": 1.0,
    "f1": 1.0,
    "tp": 20,
    "fp": 0,
    "fn": 0
  },
  "admissionTime": {
    "precision": 1.0,
    "recall": 1.0,
    "f1": 1.0,
    "tp": 18,
    "fp": 0,
    "fn": 0
  },
  "allergyHistory": {
    "precision": 0.7894736842105263,
    "recall": 0.8823529411764706,
    "f1": 0.8333333333333333,
    "tp": 15,
    "fp": 4,
    "fn": 2
  },
  "assessmentTime": {
    "precision": 0.9711538461538461,
    "recall": 0.8416666666666667,
    "f1": 0.9017857142857143,
    "tp": 101,
    "fp": 3,
    "fn": 19
  },
  "bloodSugar": {
    "precision": 1.0,
    "recall": 1.0,
    "f1": 1.0,
    "tp": 13,
    "fp": 0,
    "fn": 0
  },
  "catheter": {
    "precision": 0.9,
    "recall": 1.0,
    "f1": 0.9473684210526316,
    "tp": 18,
    "fp": 2,
    "fn": 0
  },
  "consciousness": {
    "precision": 0.9047619047619048,
    "recall": 1.0,
    "f1": 0.9500000000000001,
    "tp": 19,
    "fp": 2,
    "fn": 0
  },
  "defecation": {
    "precision": 1.0,
    "recall": 1.0,
    "f1": 1.0,
    "tp": 10,
    "fp": 0,
    "fn": 0
  },
  "diagnosis": {
    "precision": 0.8125,
    "recall": 0.8125,
    "f1": 0.8125,
    "tp": 13,
    "fp": 3,
    "fn": 3
  },
  "diastolicPressure": {
    "precision": 1.0,
    "recall": 0.7307692307692307,
    "f1": 0.8444444444444443,
    "tp": 19,
    "fp": 0,
    "fn": 7
  },
  "diet": {
    "precision": 0.6153846153846154,
    "recall": 1.0,
    "f1": 0.761904761904762,
    "tp": 8,
    "fp": 5,
    "fn": 0
  },
  "education": {
    "precision": 0.8823529411764706,
    "recall": 0.8823529411764706,
    "f1": 0.8823529411764706,
    "tp": 15,
    "fp": 2,
    "fn": 2
  },
  "ethnicity": {
    "precision": 0.9,
    "recall": 1.0,
    "f1": 0.9473684210526316,
    "tp": 9,
    "fp": 1,
    "fn": 0
  },
  "heartRate": {
    "precision": 1.0,
    "recall": 1.0,
    "f1": 1.0,
    "tp": 15,
    "fp": 0,
    "fn": 0
  },
  "height": {
    "precision": 1.0,
    "recall": 0.7142857142857143,
    "f1": 0.8333333333333333,
    "tp": 5,
    "fp": 0,
    "fn": 2
  },
  "pulseRate": {
    "precision": 0.9375,
    "recall": 0.7894736842105263,
    "f1": 0.8571428571428572,
    "tp": 15,
    "fp": 1,
    "fn": 4
  },
  "respiratoryRate": {
    "precision": 1.0,
    "recall": 0.5555555555555556,
    "f1": 0.7142857142857143,
    "tp": 10,
    "fp": 0,
    "fn": 8
  },
  "skin": {
    "precision": 1.0,
    "recall": 1.0,
    "f1": 1.0,
    "tp": 17,
    "fp": 0,
    "fn": 0
  },
  "sleep": {
    "precision": 1.0,
    "recall": 1.0,
    "f1": 1.0,
    "tp": 8,
    "fp": 0,
    "fn": 0
  },
  "stoolFrequency": {
    "precision": 0.8888888888888888,
    "recall": 1.0,
    "f1": 0.9411764705882353,
    "tp": 8,
    "fp": 1,
    "fn": 0
  },
  "systolicPressure": {
    "precision": 0.6842105263157895,
    "recall": 0.5,
    "f1": 0.5777777777777778,
    "tp": 13,
    "fp": 6,
    "fn": 13
  },
  "temperature": {
    "precision": 1.0,
    "recall": 1.0,
    "f1": 1.0,
    "tp": 15,
    "fp": 0,
    "fn": 0
  },
  "urination": {
    "precision": 1.0,
    "recall": 1.0,
    "f1": 1.0,
    "tp": 9,
    "fp": 0,
    "fn": 0
  },
  "weight": {
    "precision": 1.0,
    "recall": 0.8333333333333334,
    "f1": 0.9090909090909091,
    "tp": 10,
    "fp": 0,
    "fn": 2
  },
  "summary": {
    "total_category_avg_f1": 0.904744379144534,
    "total_sample_aggregate_f1": 0.8975501113585747,
    "avg_request_duration_seconds": 13.72491934505136,
    "precision": 0.930715935334873,
    "recall": 0.8666666666666667,
    "tp": 403,
    "fp": 30,
    "fn": 62,
    "field_count": 24,
    "request_count": 120,
    "total_request_duration_seconds": 1646.9903214061633,
    "provider": "bailing",
    "model_name": "AntAngelMed",
    "base_url": "https://api.ant-ling.com/v1/",
    "prompt_name": "MEDICAL_EXTRACTOR_PROMPT_NOINFER_NOCOT_V1",
    "output_prefix": "bailing-medical",
    "output_dir": "/home/jiaxinyu/projects/asr_llm_agent/eval_llm/basic_test/f1_test_api/exp_1",
    "execution_mode": "sequential"
  }
}