{
  "admissionMethod": {
    "precision": 1.0,
    "recall": 1.0,
    "f1": 1.0,
    "tp": 20,
    "fp": 0,
    "fn": 0
  },
  "admissionTime": {
    "precision": 1.0,
    "recall": 1.0,
    "f1": 1.0,
    "tp": 18,
    "fp": 0,
    "fn": 0
  },
  "allergyHistory": {
    "precision": 1.0,
    "recall": 1.0,
    "f1": 1.0,
    "tp": 17,
    "fp": 0,
    "fn": 0
  },
  "assessmentTime": {
    "precision": 0.9724770642201835,
    "recall": 0.8833333333333333,
    "f1": 0.925764192139738,
    "tp": 106,
    "fp": 3,
    "fn": 14
  },
  "bloodSugar": {
    "precision": 1.0,
    "recall": 1.0,
    "f1": 1.0,
    "tp": 13,
    "fp": 0,
    "fn": 0
  },
  "catheter": {
    "precision": 0.9473684210526315,
    "recall": 1.0,
    "f1": 0.972972972972973,
    "tp": 18,
    "fp": 1,
    "fn": 0
  },
  "consciousness": {
    "precision": 0.9047619047619048,
    "recall": 1.0,
    "f1": 0.9500000000000001,
    "tp": 19,
    "fp": 2,
    "fn": 0
  },
  "defecation": {
    "precision": 1.0,
    "recall": 1.0,
    "f1": 1.0,
    "tp": 10,
    "fp": 0,
    "fn": 0
  },
  "diagnosis": {
    "precision": 0.75,
    "recall": 0.75,
    "f1": 0.75,
    "tp": 12,
    "fp": 4,
    "fn": 4
  },
  "diastolicPressure": {
    "precision": 0.9047619047619048,
    "recall": 0.7307692307692307,
    "f1": 0.8085106382978723,
    "tp": 19,
    "fp": 2,
    "fn": 7
  },
  "diet": {
    "precision": 0.6666666666666666,
    "recall": 1.0,
    "f1": 0.8,
    "tp": 8,
    "fp": 4,
    "fn": 0
  },
  "education": {
    "precision": 0.9411764705882353,
    "recall": 0.9411764705882353,
    "f1": 0.9411764705882353,
    "tp": 16,
    "fp": 1,
    "fn": 1
  },
  "ethnicity": {
    "precision": 1.0,
    "recall": 1.0,
    "f1": 1.0,
    "tp": 9,
    "fp": 0,
    "fn": 0
  },
  "heartRate": {
    "precision": 0.9375,
    "recall": 1.0,
    "f1": 0.967741935483871,
    "tp": 15,
    "fp": 1,
    "fn": 0
  },
  "height": {
    "precision": 1.0,
    "recall": 1.0,
    "f1": 1.0,
    "tp": 7,
    "fp": 0,
    "fn": 0
  },
  "pulseRate": {
    "precision": 0.9333333333333333,
    "recall": 0.7368421052631579,
    "f1": 0.8235294117647058,
    "tp": 14,
    "fp": 1,
    "fn": 5
  },
  "respiratoryRate": {
    "precision": 1.0,
    "recall": 0.5,
    "f1": 0.6666666666666666,
    "tp": 9,
    "fp": 0,
    "fn": 9
  },
  "skin": {
    "precision": 1.0,
    "recall": 1.0,
    "f1": 1.0,
    "tp": 17,
    "fp": 0,
    "fn": 0
  },
  "sleep": {
    "precision": 0.875,
    "recall": 0.875,
    "f1": 0.875,
    "tp": 7,
    "fp": 1,
    "fn": 1
  },
  "stoolFrequency": {
    "precision": 1.0,
    "recall": 1.0,
    "f1": 1.0,
    "tp": 8,
    "fp": 0,
    "fn": 0
  },
  "systolicPressure": {
    "precision": 0.6363636363636364,
    "recall": 0.5384615384615384,
    "f1": 0.5833333333333334,
    "tp": 14,
    "fp": 8,
    "fn": 12
  },
  "temperature": {
    "precision": 1.0,
    "recall": 1.0,
    "f1": 1.0,
    "tp": 15,
    "fp": 0,
    "fn": 0
  },
  "urination": {
    "precision": 1.0,
    "recall": 1.0,
    "f1": 1.0,
    "tp": 9,
    "fp": 0,
    "fn": 0
  },
  "weight": {
    "precision": 1.0,
    "recall": 1.0,
    "f1": 1.0,
    "tp": 12,
    "fp": 0,
    "fn": 0
  },
  "summary": {
    "total_category_avg_f1": 0.9193623175519748,
    "total_sample_aggregate_f1": 0.9104972375690608,
    "avg_request_duration_seconds": 14.209469857352087,
    "precision": 0.9363636363636364,
    "recall": 0.886021505376344,
    "tp": 412,
    "fp": 28,
    "fn": 53,
    "field_count": 24,
    "request_count": 120,
    "total_request_duration_seconds": 1705.1363828822505,
    "provider": "bailing",
    "model_name": "AntAngelMed",
    "base_url": "https://api.ant-ling.com/v1/",
    "prompt_name": "MEDICAL_EXTRACTOR_PROMPT_NOINFER_NOCOT_V1",
    "stream": true,
    "output_prefix": "bailing-medical",
    "output_dir": "/home/jiaxinyu/projects/asr_llm_agent/eval_llm/basic_test/f1_test_api/exp_1",
    "execution_mode": "sequential"
  }
}