{
  "admissionMethod": {
    "precision": 0.8636363636363636,
    "recall": 0.95,
    "f1": 0.9047619047619048,
    "tp": 19,
    "fp": 3,
    "fn": 1
  },
  "admissionTime": {
    "precision": 0.631578947368421,
    "recall": 0.6666666666666666,
    "f1": 0.6486486486486486,
    "tp": 12,
    "fp": 7,
    "fn": 6
  },
  "allergyHistory": {
    "precision": 0.9230769230769231,
    "recall": 0.7058823529411765,
    "f1": 0.8000000000000002,
    "tp": 12,
    "fp": 1,
    "fn": 5
  },
  "assessmentTime": {
    "precision": 0.6666666666666666,
    "recall": 0.23333333333333334,
    "f1": 0.34567901234567905,
    "tp": 28,
    "fp": 14,
    "fn": 92
  },
  "bloodPressure": {
    "precision": 0.0,
    "recall": 0.0,
    "f1": 0.0,
    "tp": 0,
    "fp": 1,
    "fn": 0
  },
  "bloodSugar": {
    "precision": 1.0,
    "recall": 1.0,
    "f1": 1.0,
    "tp": 13,
    "fp": 0,
    "fn": 0
  },
  "catheter": {
    "precision": 0.8181818181818182,
    "recall": 0.5,
    "f1": 0.6206896551724137,
    "tp": 9,
    "fp": 2,
    "fn": 9
  },
  "consciousness": {
    "precision": 0.95,
    "recall": 1.0,
    "f1": 0.9743589743589743,
    "tp": 19,
    "fp": 1,
    "fn": 0
  },
  "defecation": {
    "precision": 0.9090909090909091,
    "recall": 1.0,
    "f1": 0.9523809523809523,
    "tp": 10,
    "fp": 1,
    "fn": 0
  },
  "diagnosis": {
    "precision": 0.8666666666666667,
    "recall": 0.8125,
    "f1": 0.8387096774193549,
    "tp": 13,
    "fp": 2,
    "fn": 3
  },
  "diastolicPressure": {
    "precision": 0.9615384615384616,
    "recall": 0.9615384615384616,
    "f1": 0.9615384615384616,
    "tp": 25,
    "fp": 1,
    "fn": 1
  },
  "diet": {
    "precision": 0.8888888888888888,
    "recall": 1.0,
    "f1": 0.9411764705882353,
    "tp": 8,
    "fp": 1,
    "fn": 0
  },
  "education": {
    "precision": 0.8823529411764706,
    "recall": 0.8823529411764706,
    "f1": 0.8823529411764706,
    "tp": 15,
    "fp": 2,
    "fn": 2
  },
  "ethnicity": {
    "precision": 1.0,
    "recall": 1.0,
    "f1": 1.0,
    "tp": 9,
    "fp": 0,
    "fn": 0
  },
  "heartRate": {
    "precision": 0.8181818181818182,
    "recall": 0.6,
    "f1": 0.6923076923076923,
    "tp": 9,
    "fp": 2,
    "fn": 6
  },
  "height": {
    "precision": 1.0,
    "recall": 1.0,
    "f1": 1.0,
    "tp": 7,
    "fp": 0,
    "fn": 0
  },
  "pulseRate": {
    "precision": 0.625,
    "recall": 0.7894736842105263,
    "f1": 0.6976744186046512,
    "tp": 15,
    "fp": 9,
    "fn": 4
  },
  "respiratoryRate": {
    "precision": 0.9411764705882353,
    "recall": 0.8888888888888888,
    "f1": 0.9142857142857143,
    "tp": 16,
    "fp": 1,
    "fn": 2
  },
  "skin": {
    "precision": 0.75,
    "recall": 0.7058823529411765,
    "f1": 0.7272727272727272,
    "tp": 12,
    "fp": 4,
    "fn": 5
  },
  "sleep": {
    "precision": 0.8571428571428571,
    "recall": 0.75,
    "f1": 0.7999999999999999,
    "tp": 6,
    "fp": 1,
    "fn": 2
  },
  "stoolFrequency": {
    "precision": 1.0,
    "recall": 1.0,
    "f1": 1.0,
    "tp": 8,
    "fp": 0,
    "fn": 0
  },
  "systolicPressure": {
    "precision": 0.9259259259259259,
    "recall": 0.9615384615384616,
    "f1": 0.9433962264150944,
    "tp": 25,
    "fp": 2,
    "fn": 1
  },
  "temperature": {
    "precision": 0.7894736842105263,
    "recall": 1.0,
    "f1": 0.8823529411764706,
    "tp": 15,
    "fp": 4,
    "fn": 0
  },
  "urination": {
    "precision": 0.8888888888888888,
    "recall": 0.8888888888888888,
    "f1": 0.8888888888888888,
    "tp": 8,
    "fp": 1,
    "fn": 1
  },
  "weight": {
    "precision": 1.0,
    "recall": 0.9166666666666666,
    "f1": 0.9565217391304348,
    "tp": 11,
    "fp": 0,
    "fn": 1
  },
  "summary": {
    "total_category_avg_f1": 0.8149198818589107,
    "total_sample_aggregate_f1": 0.7632508833922261,
    "precision": 0.84375,
    "recall": 0.6967741935483871,
    "tp": 324,
    "fp": 60,
    "fn": 141,
    "field_count": 25,
    "request_count": 120,
    "total_request_time_seconds": 71.95586847513914,
    "avg_request_time_seconds": 0.5996322372928262,
    "vllm_launch_args": "",
    "model_name": "MiniCPM-o-4.5",
    "experiment_args": "VLLM_USE_FLASHINFER_SAMPLER=0 vllm serve MiniCPM-o-4.5 from ModelScope text chat compatible mode",
    "base_url": "http://127.0.0.1:8000",
    "chat_completions_url": "http://127.0.0.1:8000/v1/chat/completions",
    "metrics_url": "http://127.0.0.1:8000/metrics",
    "batch_size": 10,
    "request_timeout_s": 240,
    "enable_system_prompt_block_padding": true,
    "request_audio": true,
    "audio_dir": "/root/projects/asr_llm_agent/eval_llm/basic_test/f1_test/MiniCPM-o-4.5-text-chat-compatible/exp_1/audio",
    "audio_format": "wav",
    "audio_voice": "alloy",
    "block_size": 16
  }
}