{
  "admissionMethod": {
    "precision": 0.8636363636363636,
    "recall": 0.95,
    "f1": 0.9047619047619048,
    "tp": 19,
    "fp": 3,
    "fn": 1
  },
  "admissionTime": {
    "precision": 0.5789473684210527,
    "recall": 0.6111111111111112,
    "f1": 0.5945945945945946,
    "tp": 11,
    "fp": 8,
    "fn": 7
  },
  "allergyHistory": {
    "precision": 0.8571428571428571,
    "recall": 0.7058823529411765,
    "f1": 0.7741935483870968,
    "tp": 12,
    "fp": 2,
    "fn": 5
  },
  "assessmentTime": {
    "precision": 0.65,
    "recall": 0.21666666666666667,
    "f1": 0.325,
    "tp": 26,
    "fp": 14,
    "fn": 94
  },
  "bloodPressure": {
    "precision": 0.0,
    "recall": 0.0,
    "f1": 0.0,
    "tp": 0,
    "fp": 1,
    "fn": 0
  },
  "bloodSugar": {
    "precision": 1.0,
    "recall": 1.0,
    "f1": 1.0,
    "tp": 13,
    "fp": 0,
    "fn": 0
  },
  "catheter": {
    "precision": 0.9090909090909091,
    "recall": 0.5555555555555556,
    "f1": 0.6896551724137931,
    "tp": 10,
    "fp": 1,
    "fn": 8
  },
  "consciousness": {
    "precision": 0.9047619047619048,
    "recall": 1.0,
    "f1": 0.9500000000000001,
    "tp": 19,
    "fp": 2,
    "fn": 0
  },
  "defecation": {
    "precision": 0.9090909090909091,
    "recall": 1.0,
    "f1": 0.9523809523809523,
    "tp": 10,
    "fp": 1,
    "fn": 0
  },
  "diagnosis": {
    "precision": 0.8,
    "recall": 0.75,
    "f1": 0.7741935483870969,
    "tp": 12,
    "fp": 3,
    "fn": 4
  },
  "diastolicPressure": {
    "precision": 1.0,
    "recall": 1.0,
    "f1": 1.0,
    "tp": 26,
    "fp": 0,
    "fn": 0
  },
  "diet": {
    "precision": 0.8888888888888888,
    "recall": 1.0,
    "f1": 0.9411764705882353,
    "tp": 8,
    "fp": 1,
    "fn": 0
  },
  "education": {
    "precision": 0.8823529411764706,
    "recall": 0.8823529411764706,
    "f1": 0.8823529411764706,
    "tp": 15,
    "fp": 2,
    "fn": 2
  },
  "ethnicity": {
    "precision": 1.0,
    "recall": 1.0,
    "f1": 1.0,
    "tp": 9,
    "fp": 0,
    "fn": 0
  },
  "heartRate": {
    "precision": 0.7272727272727273,
    "recall": 0.5333333333333333,
    "f1": 0.6153846153846153,
    "tp": 8,
    "fp": 3,
    "fn": 7
  },
  "height": {
    "precision": 1.0,
    "recall": 1.0,
    "f1": 1.0,
    "tp": 7,
    "fp": 0,
    "fn": 0
  },
  "pulseRate": {
    "precision": 0.5769230769230769,
    "recall": 0.7894736842105263,
    "f1": 0.6666666666666666,
    "tp": 15,
    "fp": 11,
    "fn": 4
  },
  "respiratoryRate": {
    "precision": 1.0,
    "recall": 0.7777777777777778,
    "f1": 0.8750000000000001,
    "tp": 14,
    "fp": 0,
    "fn": 4
  },
  "skin": {
    "precision": 0.75,
    "recall": 0.7058823529411765,
    "f1": 0.7272727272727272,
    "tp": 12,
    "fp": 4,
    "fn": 5
  },
  "sleep": {
    "precision": 0.875,
    "recall": 0.875,
    "f1": 0.875,
    "tp": 7,
    "fp": 1,
    "fn": 1
  },
  "stoolFrequency": {
    "precision": 1.0,
    "recall": 1.0,
    "f1": 1.0,
    "tp": 8,
    "fp": 0,
    "fn": 0
  },
  "systolicPressure": {
    "precision": 0.9629629629629629,
    "recall": 1.0,
    "f1": 0.9811320754716981,
    "tp": 26,
    "fp": 1,
    "fn": 0
  },
  "temperature": {
    "precision": 0.7894736842105263,
    "recall": 1.0,
    "f1": 0.8823529411764706,
    "tp": 15,
    "fp": 4,
    "fn": 0
  },
  "urination": {
    "precision": 0.8888888888888888,
    "recall": 0.8888888888888888,
    "f1": 0.8888888888888888,
    "tp": 8,
    "fp": 1,
    "fn": 1
  },
  "weight": {
    "precision": 1.0,
    "recall": 0.9166666666666666,
    "f1": 0.9565217391304348,
    "tp": 11,
    "fp": 0,
    "fn": 1
  },
  "summary": {
    "total_category_avg_f1": 0.8102611514672658,
    "total_sample_aggregate_f1": 0.7561837455830388,
    "precision": 0.8359375,
    "recall": 0.6903225806451613,
    "tp": 321,
    "fp": 63,
    "fn": 144,
    "field_count": 25,
    "request_count": 120,
    "total_request_time_seconds": 64.46348584443331,
    "avg_request_time_seconds": 0.5371957153702775,
    "vllm_launch_args": "",
    "model_name": "MiniCPM-o-4.5",
    "experiment_args": "VLLM_USE_FLASHINFER_SAMPLER=0 vllm serve MiniCPM-o-4.5 from ModelScope text chat compatible mode",
    "base_url": "http://127.0.0.1:8000",
    "chat_completions_url": "http://127.0.0.1:8000/v1/chat/completions",
    "metrics_url": "http://127.0.0.1:8000/metrics",
    "batch_size": 10,
    "request_timeout_s": 240,
    "enable_system_prompt_block_padding": true,
    "block_size": 16
  }
}