{
  "admissionMethod": {
    "precision": 0.16470588235294117,
    "recall": 0.7,
    "f1": 0.26666666666666666,
    "tp": 14,
    "fp": 71,
    "fn": 6
  },
  "admissionTime": {
    "precision": 0.012987012987012988,
    "recall": 0.05555555555555555,
    "f1": 0.021052631578947368,
    "tp": 1,
    "fp": 76,
    "fn": 17
  },
  "allergyHistory": {
    "precision": 0.2,
    "recall": 1.0,
    "f1": 0.33333333333333337,
    "tp": 17,
    "fp": 68,
    "fn": 0
  },
  "assessmentTime": {
    "precision": 0.7333333333333333,
    "recall": 0.55,
    "f1": 0.6285714285714286,
    "tp": 66,
    "fp": 24,
    "fn": 54
  },
  "bloodSugar": {
    "precision": 0.13580246913580246,
    "recall": 0.8461538461538461,
    "f1": 0.23404255319148934,
    "tp": 11,
    "fp": 70,
    "fn": 2
  },
  "catheter": {
    "precision": 0.14754098360655737,
    "recall": 0.5,
    "f1": 0.2278481012658228,
    "tp": 9,
    "fp": 52,
    "fn": 9
  },
  "consciousness": {
    "precision": 0.25,
    "recall": 0.8947368421052632,
    "f1": 0.3908045977011494,
    "tp": 17,
    "fp": 51,
    "fn": 2
  },
  "defecation": {
    "precision": 0.22580645161290322,
    "recall": 0.7,
    "f1": 0.3414634146341463,
    "tp": 7,
    "fp": 24,
    "fn": 3
  },
  "diagnosis": {
    "precision": 0.18292682926829268,
    "recall": 0.9375,
    "f1": 0.30612244897959184,
    "tp": 15,
    "fp": 67,
    "fn": 1
  },
  "diastolicPressure": {
    "precision": 0.13924050632911392,
    "recall": 0.4230769230769231,
    "f1": 0.2095238095238095,
    "tp": 11,
    "fp": 68,
    "fn": 15
  },
  "diet": {
    "precision": 0.14285714285714285,
    "recall": 0.625,
    "f1": 0.23255813953488372,
    "tp": 5,
    "fp": 30,
    "fn": 3
  },
  "education": {
    "precision": 0.15789473684210525,
    "recall": 0.7058823529411765,
    "f1": 0.25806451612903225,
    "tp": 12,
    "fp": 64,
    "fn": 5
  },
  "ethnicity": {
    "precision": 0.10666666666666667,
    "recall": 0.8888888888888888,
    "f1": 0.19047619047619047,
    "tp": 8,
    "fp": 67,
    "fn": 1
  },
  "heartRate": {
    "precision": 0.058823529411764705,
    "recall": 0.3333333333333333,
    "f1": 0.1,
    "tp": 5,
    "fp": 80,
    "fn": 10
  },
  "height": {
    "precision": 0.08333333333333333,
    "recall": 1.0,
    "f1": 0.15384615384615385,
    "tp": 7,
    "fp": 77,
    "fn": 0
  },
  "pulseRate": {
    "precision": 0.06896551724137931,
    "recall": 0.3157894736842105,
    "f1": 0.11320754716981131,
    "tp": 6,
    "fp": 81,
    "fn": 13
  },
  "respiratoryRate": {
    "precision": 0.012195121951219513,
    "recall": 0.05555555555555555,
    "f1": 0.02,
    "tp": 1,
    "fp": 81,
    "fn": 17
  },
  "s stoolFrequency": {
    "precision": 0.0,
    "recall": 0.0,
    "f1": 0.0,
    "tp": 0,
    "fp": 1,
    "fn": 0
  },
  "skin": {
    "precision": 0.15625,
    "recall": 0.5882352941176471,
    "f1": 0.2469135802469136,
    "tp": 10,
    "fp": 54,
    "fn": 7
  },
  "sleep": {
    "precision": 0.10344827586206896,
    "recall": 0.375,
    "f1": 0.16216216216216217,
    "tp": 3,
    "fp": 26,
    "fn": 5
  },
  "stoolFrequency": {
    "precision": 0.08620689655172414,
    "recall": 0.625,
    "f1": 0.15151515151515152,
    "tp": 5,
    "fp": 53,
    "fn": 3
  },
  "systolicPressure": {
    "precision": 0.12195121951219512,
    "recall": 0.38461538461538464,
    "f1": 0.18518518518518517,
    "tp": 10,
    "fp": 72,
    "fn": 16
  },
  "temperature": {
    "precision": 0.15294117647058825,
    "recall": 0.8666666666666667,
    "f1": 0.26000000000000006,
    "tp": 13,
    "fp": 72,
    "fn": 2
  },
  "urination": {
    "precision": 0.2,
    "recall": 0.6666666666666666,
    "f1": 0.30769230769230765,
    "tp": 6,
    "fp": 24,
    "fn": 3
  },
  "weight": {
    "precision": 0.09523809523809523,
    "recall": 0.6666666666666666,
    "f1": 0.16666666666666666,
    "tp": 8,
    "fp": 76,
    "fn": 4
  },
  "summary": {
    "total_category_avg_f1": 0.22030866344283376,
    "total_sample_aggregate_f1": 0.24710782045349378,
    "precision": 0.15742924528301888,
    "recall": 0.5741935483870968,
    "tp": 267,
    "fp": 1429,
    "fn": 198,
    "field_count": 25,
    "request_count": 120,
    "total_request_time_seconds": 79.90527530573308,
    "avg_request_time_seconds": 0.6658772942144424,
    "vllm_launch_args": "",
    "model_name": "MiniCPM-V-4.6",
    "experiment_args": "VLLM_USE_FLASHINFER_SAMPLER=0 vllm serve MiniCPM-V-4.6 from ModelScope text chat compatible mode",
    "base_url": "http://127.0.0.1:8000",
    "chat_completions_url": "http://127.0.0.1:8000/v1/chat/completions",
    "metrics_url": "http://127.0.0.1:8000/metrics",
    "batch_size": 10,
    "request_timeout_s": 180,
    "enable_system_prompt_block_padding": true,
    "block_size": 16
  }
}