{
  "admissionMethod": {
    "precision": 1.0,
    "recall": 1.0,
    "f1": 1.0,
    "tp": 20,
    "fp": 0,
    "fn": 0
  },
  "admissionTime": {
    "precision": 0.8095238095238095,
    "recall": 0.9444444444444444,
    "f1": 0.8717948717948718,
    "tp": 17,
    "fp": 4,
    "fn": 1
  },
  "allergyHistory": {
    "precision": 1.0,
    "recall": 0.8823529411764706,
    "f1": 0.9375,
    "tp": 15,
    "fp": 0,
    "fn": 2
  },
  "assessmentTime": {
    "precision": 0.9207920792079208,
    "recall": 0.775,
    "f1": 0.8416289592760181,
    "tp": 93,
    "fp": 8,
    "fn": 27
  },
  "bloodSugar": {
    "precision": 1.0,
    "recall": 1.0,
    "f1": 1.0,
    "tp": 13,
    "fp": 0,
    "fn": 0
  },
  "catheter": {
    "precision": 1.0,
    "recall": 0.8333333333333334,
    "f1": 0.9090909090909091,
    "tp": 15,
    "fp": 0,
    "fn": 3
  },
  "consciousness": {
    "precision": 1.0,
    "recall": 1.0,
    "f1": 1.0,
    "tp": 19,
    "fp": 0,
    "fn": 0
  },
  "defecation": {
    "precision": 0.9090909090909091,
    "recall": 1.0,
    "f1": 0.9523809523809523,
    "tp": 10,
    "fp": 1,
    "fn": 0
  },
  "diagnosis": {
    "precision": 0.9375,
    "recall": 0.9375,
    "f1": 0.9375,
    "tp": 15,
    "fp": 1,
    "fn": 1
  },
  "diastolicPressure": {
    "precision": 0.8846153846153846,
    "recall": 0.8846153846153846,
    "f1": 0.8846153846153846,
    "tp": 23,
    "fp": 3,
    "fn": 3
  },
  "diet": {
    "precision": 0.6666666666666666,
    "recall": 0.75,
    "f1": 0.7058823529411765,
    "tp": 6,
    "fp": 3,
    "fn": 2
  },
  "education": {
    "precision": 0.8823529411764706,
    "recall": 0.8823529411764706,
    "f1": 0.8823529411764706,
    "tp": 15,
    "fp": 2,
    "fn": 2
  },
  "ethnicity": {
    "precision": 0.8181818181818182,
    "recall": 1.0,
    "f1": 0.9,
    "tp": 9,
    "fp": 2,
    "fn": 0
  },
  "heartRate": {
    "precision": 0.6521739130434783,
    "recall": 1.0,
    "f1": 0.7894736842105263,
    "tp": 15,
    "fp": 8,
    "fn": 0
  },
  "height": {
    "precision": 1.0,
    "recall": 1.0,
    "f1": 1.0,
    "tp": 7,
    "fp": 0,
    "fn": 0
  },
  "pulseRate": {
    "precision": 0.875,
    "recall": 0.7368421052631579,
    "f1": 0.7999999999999999,
    "tp": 14,
    "fp": 2,
    "fn": 5
  },
  "respiratoryRate": {
    "precision": 1.0,
    "recall": 0.7777777777777778,
    "f1": 0.8750000000000001,
    "tp": 14,
    "fp": 0,
    "fn": 4
  },
  "skin": {
    "precision": 0.9411764705882353,
    "recall": 0.9411764705882353,
    "f1": 0.9411764705882353,
    "tp": 16,
    "fp": 1,
    "fn": 1
  },
  "sleep": {
    "precision": 0.875,
    "recall": 0.875,
    "f1": 0.875,
    "tp": 7,
    "fp": 1,
    "fn": 1
  },
  "stoolFrequency": {
    "precision": 0.8888888888888888,
    "recall": 1.0,
    "f1": 0.9411764705882353,
    "tp": 8,
    "fp": 1,
    "fn": 0
  },
  "systolicPressure": {
    "precision": 0.7407407407407407,
    "recall": 0.7692307692307693,
    "f1": 0.7547169811320754,
    "tp": 20,
    "fp": 7,
    "fn": 6
  },
  "temperature": {
    "precision": 1.0,
    "recall": 1.0,
    "f1": 1.0,
    "tp": 15,
    "fp": 0,
    "fn": 0
  },
  "urination": {
    "precision": 0.9,
    "recall": 1.0,
    "f1": 0.9473684210526316,
    "tp": 9,
    "fp": 1,
    "fn": 0
  },
  "weight": {
    "precision": 1.0,
    "recall": 1.0,
    "f1": 1.0,
    "tp": 12,
    "fp": 0,
    "fn": 0
  },
  "summary": {
    "total_category_avg_f1": 0.9061107666186453,
    "total_sample_aggregate_f1": 0.8876772082878953,
    "precision": 0.9004424778761062,
    "recall": 0.875268817204301,
    "tp": 407,
    "fp": 45,
    "fn": 58,
    "field_count": 24,
    "request_count": 120,
    "total_request_time_seconds": 65.74918500706553,
    "avg_request_time_seconds": 0.5479098750588794,
    "vllm_launch_args": "vllm serve /root/autodl-tmp/models/models/cyankiwi/Qwen3.5-9B-AWQ-4bit --port 8000 --max-model-len 8192 --reasoning-parser qwen3 --language-model-only --gpu-memory-utilization 0.65 --enable-prefix-caching",
    "model_name": "/root/autodl-tmp/models/models/cyankiwi/Qwen3.5-9B-AWQ-4bit",
    "experiment_args": "",
    "base_url": "http://127.0.0.1:8000",
    "chat_completions_url": "http://127.0.0.1:8000/v1/chat/completions",
    "metrics_url": "http://127.0.0.1:8000/metrics",
    "batch_size": 10,
    "request_timeout_s": 120,
    "enable_system_prompt_block_padding": true
  }
}