{
  "admissionMethod": {
    "precision": 0.9090909090909091,
    "recall": 1.0,
    "f1": 0.9523809523809523,
    "tp": 20,
    "fp": 2,
    "fn": 0
  },
  "admissionTime": {
    "precision": 0.3333333333333333,
    "recall": 0.3888888888888889,
    "f1": 0.358974358974359,
    "tp": 7,
    "fp": 14,
    "fn": 11
  },
  "allergyHistory": {
    "precision": 1.0,
    "recall": 0.8235294117647058,
    "f1": 0.9032258064516129,
    "tp": 14,
    "fp": 0,
    "fn": 3
  },
  "assessmentTime": {
    "precision": 0.9230769230769231,
    "recall": 0.7,
    "f1": 0.7962085308056872,
    "tp": 84,
    "fp": 7,
    "fn": 36
  },
  "bloodSugar": {
    "precision": 0.9285714285714286,
    "recall": 1.0,
    "f1": 0.962962962962963,
    "tp": 13,
    "fp": 1,
    "fn": 0
  },
  "catheter": {
    "precision": 0.9411764705882353,
    "recall": 0.8888888888888888,
    "f1": 0.9142857142857143,
    "tp": 16,
    "fp": 1,
    "fn": 2
  },
  "consciousness": {
    "precision": 0.95,
    "recall": 1.0,
    "f1": 0.9743589743589743,
    "tp": 19,
    "fp": 1,
    "fn": 0
  },
  "defecation": {
    "precision": 0.9090909090909091,
    "recall": 1.0,
    "f1": 0.9523809523809523,
    "tp": 10,
    "fp": 1,
    "fn": 0
  },
  "diagnosis": {
    "precision": 0.9375,
    "recall": 0.9375,
    "f1": 0.9375,
    "tp": 15,
    "fp": 1,
    "fn": 1
  },
  "diastolicPressure": {
    "precision": 0.5862068965517241,
    "recall": 0.6538461538461539,
    "f1": 0.6181818181818182,
    "tp": 17,
    "fp": 12,
    "fn": 9
  },
  "diet": {
    "precision": 0.6666666666666666,
    "recall": 0.75,
    "f1": 0.7058823529411765,
    "tp": 6,
    "fp": 3,
    "fn": 2
  },
  "education": {
    "precision": 0.8823529411764706,
    "recall": 0.8823529411764706,
    "f1": 0.8823529411764706,
    "tp": 15,
    "fp": 2,
    "fn": 2
  },
  "ethnicity": {
    "precision": 1.0,
    "recall": 1.0,
    "f1": 1.0,
    "tp": 9,
    "fp": 0,
    "fn": 0
  },
  "heartRate": {
    "precision": 0.6,
    "recall": 1.0,
    "f1": 0.7499999999999999,
    "tp": 15,
    "fp": 10,
    "fn": 0
  },
  "height": {
    "precision": 1.0,
    "recall": 1.0,
    "f1": 1.0,
    "tp": 7,
    "fp": 0,
    "fn": 0
  },
  "pulseRate": {
    "precision": 0.75,
    "recall": 0.47368421052631576,
    "f1": 0.5806451612903226,
    "tp": 9,
    "fp": 3,
    "fn": 10
  },
  "respiratoryRate": {
    "precision": 1.0,
    "recall": 0.5,
    "f1": 0.6666666666666666,
    "tp": 9,
    "fp": 0,
    "fn": 9
  },
  "skin": {
    "precision": 0.7647058823529411,
    "recall": 0.7647058823529411,
    "f1": 0.7647058823529412,
    "tp": 13,
    "fp": 4,
    "fn": 4
  },
  "sleep": {
    "precision": 0.8571428571428571,
    "recall": 0.75,
    "f1": 0.7999999999999999,
    "tp": 6,
    "fp": 1,
    "fn": 2
  },
  "stoolFrequency": {
    "precision": 0.8,
    "recall": 1.0,
    "f1": 0.888888888888889,
    "tp": 8,
    "fp": 2,
    "fn": 0
  },
  "systolicPressure": {
    "precision": 0.6206896551724138,
    "recall": 0.6923076923076923,
    "f1": 0.6545454545454545,
    "tp": 18,
    "fp": 11,
    "fn": 8
  },
  "temperature": {
    "precision": 0.7368421052631579,
    "recall": 0.9333333333333333,
    "f1": 0.8235294117647058,
    "tp": 14,
    "fp": 5,
    "fn": 1
  },
  "urination": {
    "precision": 0.9,
    "recall": 1.0,
    "f1": 0.9473684210526316,
    "tp": 9,
    "fp": 1,
    "fn": 0
  },
  "weight": {
    "precision": 1.0,
    "recall": 1.0,
    "f1": 1.0,
    "tp": 12,
    "fp": 0,
    "fn": 0
  },
  "summary": {
    "total_category_avg_f1": 0.8264602188109288,
    "total_sample_aggregate_f1": 0.8004385964912281,
    "precision": 0.8165548098434005,
    "recall": 0.7849462365591398,
    "tp": 365,
    "fp": 82,
    "fn": 100,
    "field_count": 24,
    "request_count": 120,
    "total_request_time_seconds": 154.94321889802814,
    "avg_request_time_seconds": 1.2911934908169012,
    "vllm_launch_args": "vllm serve /root/autodl-tmp/models/models/cyankiwi/Qwen3.5-4B-AWQ-BF16-INT8 --port 8000 --max-model-len 8192 --reasoning-parser qwen3 --language-model-only --gpu-memory-utilization 0.65 --enable-prefix-caching",
    "model_name": "/root/autodl-tmp/models/models/cyankiwi/Qwen3.5-4B-AWQ-BF16-INT8",
    "experiment_args": "",
    "base_url": "http://127.0.0.1:8000",
    "chat_completions_url": "http://127.0.0.1:8000/v1/chat/completions",
    "metrics_url": "http://127.0.0.1:8000/metrics",
    "batch_size": 10,
    "request_timeout_s": 120,
    "enable_system_prompt_block_padding": false
  }
}