{
  "admissionMethod": {
    "precision": 0.9523809523809523,
    "recall": 1.0,
    "f1": 0.975609756097561,
    "tp": 20,
    "fp": 1,
    "fn": 0
  },
  "admissionTime": {
    "precision": 1.0,
    "recall": 1.0,
    "f1": 1.0,
    "tp": 18,
    "fp": 0,
    "fn": 0
  },
  "allergyHistory": {
    "precision": 1.0,
    "recall": 1.0,
    "f1": 1.0,
    "tp": 17,
    "fp": 0,
    "fn": 0
  },
  "assessmentTime": {
    "precision": 0.975,
    "recall": 0.975,
    "f1": 0.975,
    "tp": 117,
    "fp": 3,
    "fn": 3
  },
  "bloodSugar": {
    "precision": 1.0,
    "recall": 1.0,
    "f1": 1.0,
    "tp": 13,
    "fp": 0,
    "fn": 0
  },
  "catheter": {
    "precision": 1.0,
    "recall": 1.0,
    "f1": 1.0,
    "tp": 18,
    "fp": 0,
    "fn": 0
  },
  "consciousness": {
    "precision": 0.9047619047619048,
    "recall": 1.0,
    "f1": 0.9500000000000001,
    "tp": 19,
    "fp": 2,
    "fn": 0
  },
  "defecation": {
    "precision": 0.8333333333333334,
    "recall": 1.0,
    "f1": 0.9090909090909091,
    "tp": 10,
    "fp": 2,
    "fn": 0
  },
  "diagnosis": {
    "precision": 0.8235294117647058,
    "recall": 0.875,
    "f1": 0.8484848484848485,
    "tp": 14,
    "fp": 3,
    "fn": 2
  },
  "diastolicPressure": {
    "precision": 1.0,
    "recall": 1.0,
    "f1": 1.0,
    "tp": 26,
    "fp": 0,
    "fn": 0
  },
  "diet": {
    "precision": 0.5833333333333334,
    "recall": 0.875,
    "f1": 0.7000000000000001,
    "tp": 7,
    "fp": 5,
    "fn": 1
  },
  "education": {
    "precision": 0.9411764705882353,
    "recall": 0.9411764705882353,
    "f1": 0.9411764705882353,
    "tp": 16,
    "fp": 1,
    "fn": 1
  },
  "ethnicity": {
    "precision": 1.0,
    "recall": 1.0,
    "f1": 1.0,
    "tp": 9,
    "fp": 0,
    "fn": 0
  },
  "heartRate": {
    "precision": 1.0,
    "recall": 1.0,
    "f1": 1.0,
    "tp": 15,
    "fp": 0,
    "fn": 0
  },
  "height": {
    "precision": 1.0,
    "recall": 1.0,
    "f1": 1.0,
    "tp": 7,
    "fp": 0,
    "fn": 0
  },
  "pulseRate": {
    "precision": 1.0,
    "recall": 1.0,
    "f1": 1.0,
    "tp": 19,
    "fp": 0,
    "fn": 0
  },
  "respiratoryRate": {
    "precision": 1.0,
    "recall": 1.0,
    "f1": 1.0,
    "tp": 18,
    "fp": 0,
    "fn": 0
  },
  "skin": {
    "precision": 0.9411764705882353,
    "recall": 0.9411764705882353,
    "f1": 0.9411764705882353,
    "tp": 16,
    "fp": 1,
    "fn": 1
  },
  "sleep": {
    "precision": 0.8888888888888888,
    "recall": 1.0,
    "f1": 0.9411764705882353,
    "tp": 8,
    "fp": 1,
    "fn": 0
  },
  "stoolFrequency": {
    "precision": 1.0,
    "recall": 1.0,
    "f1": 1.0,
    "tp": 8,
    "fp": 0,
    "fn": 0
  },
  "systolicPressure": {
    "precision": 0.8846153846153846,
    "recall": 0.8846153846153846,
    "f1": 0.8846153846153846,
    "tp": 23,
    "fp": 3,
    "fn": 3
  },
  "temperature": {
    "precision": 1.0,
    "recall": 1.0,
    "f1": 1.0,
    "tp": 15,
    "fp": 0,
    "fn": 0
  },
  "urination": {
    "precision": 0.8181818181818182,
    "recall": 1.0,
    "f1": 0.9,
    "tp": 9,
    "fp": 2,
    "fn": 0
  },
  "weight": {
    "precision": 1.0,
    "recall": 1.0,
    "f1": 1.0,
    "tp": 12,
    "fp": 0,
    "fn": 0
  },
  "summary": {
    "total_category_avg_f1": 0.9569304295855586,
    "total_sample_aggregate_f1": 0.9628844114528101,
    "precision": 0.9497907949790795,
    "recall": 0.9763440860215054,
    "tp": 454,
    "fp": 24,
    "fn": 11,
    "field_count": 24,
    "request_count": 120,
    "total_request_time_seconds": 187.8945312872529,
    "avg_request_time_seconds": 1.5657877607271076,
    "vllm_launch_args": "vllm serve /root/autodl-tmp/models/models/Qwen/Qwen3.5-35B-A3B-GPTQ-Int4 --port 8000 --max-model-len 8192 --reasoning-parser qwen3 --language-model-only --gpu-memory-utilization 0.7 --enable-prefix-caching",
    "model_name": "/root/autodl-tmp/models/models/Qwen/Qwen3.5-35B-A3B-GPTQ-Int4",
    "experiment_args": "",
    "base_url": "http://127.0.0.1:8000",
    "chat_completions_url": "http://127.0.0.1:8000/v1/chat/completions",
    "metrics_url": "http://127.0.0.1:8000/metrics",
    "batch_size": 10,
    "request_timeout_s": 120,
    "enable_system_prompt_block_padding": false
  }
}