{
  "admissionMethod": {
    "precision": 0.9523809523809523,
    "recall": 1.0,
    "f1": 0.975609756097561,
    "tp": 20,
    "fp": 1,
    "fn": 0
  },
  "admissionTime": {
    "precision": 0.8947368421052632,
    "recall": 0.9444444444444444,
    "f1": 0.918918918918919,
    "tp": 17,
    "fp": 2,
    "fn": 1
  },
  "allergyHistory": {
    "precision": 1.0,
    "recall": 1.0,
    "f1": 1.0,
    "tp": 17,
    "fp": 0,
    "fn": 0
  },
  "assessmentTime": {
    "precision": 0.9583333333333334,
    "recall": 0.9583333333333334,
    "f1": 0.9583333333333334,
    "tp": 115,
    "fp": 5,
    "fn": 5
  },
  "bloodSugar": {
    "precision": 1.0,
    "recall": 1.0,
    "f1": 1.0,
    "tp": 13,
    "fp": 0,
    "fn": 0
  },
  "catheter": {
    "precision": 1.0,
    "recall": 1.0,
    "f1": 1.0,
    "tp": 18,
    "fp": 0,
    "fn": 0
  },
  "consciousness": {
    "precision": 0.9047619047619048,
    "recall": 1.0,
    "f1": 0.9500000000000001,
    "tp": 19,
    "fp": 2,
    "fn": 0
  },
  "defecation": {
    "precision": 0.8333333333333334,
    "recall": 1.0,
    "f1": 0.9090909090909091,
    "tp": 10,
    "fp": 2,
    "fn": 0
  },
  "diagnosis": {
    "precision": 0.875,
    "recall": 0.875,
    "f1": 0.875,
    "tp": 14,
    "fp": 2,
    "fn": 2
  },
  "diastolicPressure": {
    "precision": 0.9629629629629629,
    "recall": 1.0,
    "f1": 0.9811320754716981,
    "tp": 26,
    "fp": 1,
    "fn": 0
  },
  "diet": {
    "precision": 0.6666666666666666,
    "recall": 1.0,
    "f1": 0.8,
    "tp": 8,
    "fp": 4,
    "fn": 0
  },
  "education": {
    "precision": 0.9411764705882353,
    "recall": 0.9411764705882353,
    "f1": 0.9411764705882353,
    "tp": 16,
    "fp": 1,
    "fn": 1
  },
  "ethnicity": {
    "precision": 1.0,
    "recall": 1.0,
    "f1": 1.0,
    "tp": 9,
    "fp": 0,
    "fn": 0
  },
  "heartRate": {
    "precision": 0.9375,
    "recall": 1.0,
    "f1": 0.967741935483871,
    "tp": 15,
    "fp": 1,
    "fn": 0
  },
  "height": {
    "precision": 1.0,
    "recall": 1.0,
    "f1": 1.0,
    "tp": 7,
    "fp": 0,
    "fn": 0
  },
  "pulseRate": {
    "precision": 0.9473684210526315,
    "recall": 0.9473684210526315,
    "f1": 0.9473684210526315,
    "tp": 18,
    "fp": 1,
    "fn": 1
  },
  "respiratoryRate": {
    "precision": 1.0,
    "recall": 0.8888888888888888,
    "f1": 0.9411764705882353,
    "tp": 16,
    "fp": 0,
    "fn": 2
  },
  "skin": {
    "precision": 1.0,
    "recall": 1.0,
    "f1": 1.0,
    "tp": 17,
    "fp": 0,
    "fn": 0
  },
  "sleep": {
    "precision": 0.8,
    "recall": 1.0,
    "f1": 0.888888888888889,
    "tp": 8,
    "fp": 2,
    "fn": 0
  },
  "stoolFrequency": {
    "precision": 1.0,
    "recall": 1.0,
    "f1": 1.0,
    "tp": 8,
    "fp": 0,
    "fn": 0
  },
  "systolicPressure": {
    "precision": 0.8518518518518519,
    "recall": 0.8846153846153846,
    "f1": 0.8679245283018868,
    "tp": 23,
    "fp": 4,
    "fn": 3
  },
  "temperature": {
    "precision": 1.0,
    "recall": 1.0,
    "f1": 1.0,
    "tp": 15,
    "fp": 0,
    "fn": 0
  },
  "urination": {
    "precision": 0.8181818181818182,
    "recall": 1.0,
    "f1": 0.9,
    "tp": 9,
    "fp": 2,
    "fn": 0
  },
  "weight": {
    "precision": 1.0,
    "recall": 1.0,
    "f1": 1.0,
    "tp": 12,
    "fp": 0,
    "fn": 0
  },
  "summary": {
    "total_category_avg_f1": 0.9509317378256738,
    "total_sample_aggregate_f1": 0.9523809523809523,
    "precision": 0.9375,
    "recall": 0.967741935483871,
    "tp": 450,
    "fp": 30,
    "fn": 15,
    "field_count": 24,
    "request_count": 120,
    "total_request_time_seconds": 279.2951250821352,
    "avg_request_time_seconds": 2.32745937568446,
    "vllm_launch_args": "vllm serve /root/autodl-tmp/models/models/hf/Sehyo-Qwen3.5-35B-A3B-NVFP4 --port 8000 --max-model-len 8192 --reasoning-parser qwen3 --language-model-only --gpu-memory-utilization 0.7 --enable-chunked-prefill",
    "model_name": "/root/autodl-tmp/models/models/hf/Sehyo-Qwen3.5-35B-A3B-NVFP4",
    "experiment_args": "",
    "base_url": "http://127.0.0.1:8000",
    "chat_completions_url": "http://127.0.0.1:8000/v1/chat/completions",
    "metrics_url": "http://127.0.0.1:8000/metrics",
    "batch_size": 10,
    "request_timeout_s": 120,
    "enable_system_prompt_block_padding": true
  }
}