{
  "admissionMethod": {
    "precision": 0.9523809523809523,
    "recall": 1.0,
    "f1": 0.975609756097561,
    "tp": 20,
    "fp": 1,
    "fn": 0
  },
  "admissionTime": {
    "precision": 1.0,
    "recall": 0.9444444444444444,
    "f1": 0.9714285714285714,
    "tp": 17,
    "fp": 0,
    "fn": 1
  },
  "allergyHistory": {
    "precision": 1.0,
    "recall": 1.0,
    "f1": 1.0,
    "tp": 17,
    "fp": 0,
    "fn": 0
  },
  "assessmentTime": {
    "precision": 0.9478260869565217,
    "recall": 0.9083333333333333,
    "f1": 0.9276595744680851,
    "tp": 109,
    "fp": 6,
    "fn": 11
  },
  "bloodSugar": {
    "precision": 1.0,
    "recall": 1.0,
    "f1": 1.0,
    "tp": 13,
    "fp": 0,
    "fn": 0
  },
  "catheter": {
    "precision": 1.0,
    "recall": 1.0,
    "f1": 1.0,
    "tp": 18,
    "fp": 0,
    "fn": 0
  },
  "consciousness": {
    "precision": 0.95,
    "recall": 1.0,
    "f1": 0.9743589743589743,
    "tp": 19,
    "fp": 1,
    "fn": 0
  },
  "defecation": {
    "precision": 0.9090909090909091,
    "recall": 1.0,
    "f1": 0.9523809523809523,
    "tp": 10,
    "fp": 1,
    "fn": 0
  },
  "diagnosis": {
    "precision": 0.875,
    "recall": 0.875,
    "f1": 0.875,
    "tp": 14,
    "fp": 2,
    "fn": 2
  },
  "diastolicPressure": {
    "precision": 0.8846153846153846,
    "recall": 0.8846153846153846,
    "f1": 0.8846153846153846,
    "tp": 23,
    "fp": 3,
    "fn": 3
  },
  "diet": {
    "precision": 0.6153846153846154,
    "recall": 1.0,
    "f1": 0.761904761904762,
    "tp": 8,
    "fp": 5,
    "fn": 0
  },
  "education": {
    "precision": 1.0,
    "recall": 1.0,
    "f1": 1.0,
    "tp": 17,
    "fp": 0,
    "fn": 0
  },
  "ethnicity": {
    "precision": 1.0,
    "recall": 1.0,
    "f1": 1.0,
    "tp": 9,
    "fp": 0,
    "fn": 0
  },
  "heartRate": {
    "precision": 1.0,
    "recall": 1.0,
    "f1": 1.0,
    "tp": 15,
    "fp": 0,
    "fn": 0
  },
  "height": {
    "precision": 1.0,
    "recall": 1.0,
    "f1": 1.0,
    "tp": 7,
    "fp": 0,
    "fn": 0
  },
  "pulseRate": {
    "precision": 1.0,
    "recall": 1.0,
    "f1": 1.0,
    "tp": 19,
    "fp": 0,
    "fn": 0
  },
  "respiratoryRate": {
    "precision": 1.0,
    "recall": 1.0,
    "f1": 1.0,
    "tp": 18,
    "fp": 0,
    "fn": 0
  },
  "skin": {
    "precision": 0.9411764705882353,
    "recall": 0.9411764705882353,
    "f1": 0.9411764705882353,
    "tp": 16,
    "fp": 1,
    "fn": 1
  },
  "sleep": {
    "precision": 0.8888888888888888,
    "recall": 1.0,
    "f1": 0.9411764705882353,
    "tp": 8,
    "fp": 1,
    "fn": 0
  },
  "stoolFrequency": {
    "precision": 1.0,
    "recall": 1.0,
    "f1": 1.0,
    "tp": 8,
    "fp": 0,
    "fn": 0
  },
  "systolicPressure": {
    "precision": 0.8076923076923077,
    "recall": 0.8076923076923077,
    "f1": 0.8076923076923077,
    "tp": 21,
    "fp": 5,
    "fn": 5
  },
  "temperature": {
    "precision": 1.0,
    "recall": 1.0,
    "f1": 1.0,
    "tp": 15,
    "fp": 0,
    "fn": 0
  },
  "urination": {
    "precision": 1.0,
    "recall": 1.0,
    "f1": 1.0,
    "tp": 9,
    "fp": 0,
    "fn": 0
  },
  "weight": {
    "precision": 1.0,
    "recall": 1.0,
    "f1": 1.0,
    "tp": 12,
    "fp": 0,
    "fn": 0
  },
  "summary": {
    "total_category_avg_f1": 0.9588751343384612,
    "total_sample_aggregate_f1": 0.947481243301179,
    "avg_request_duration_seconds": 1.0052248766335348,
    "precision": 0.9444444444444444,
    "recall": 0.9505376344086022,
    "tp": 442,
    "fp": 26,
    "fn": 23,
    "field_count": 24
  }
}